{
  "train_loss": [
    0.3296316115417839,
    0.0915406231462294,
    0.04748200303488115,
    0.03033146281271833,
    0.02168122445396639,
    0.01714848110426173,
    0.011017023553946344,
    0.008711536578896633,
    0.008066484764678179,
    0.007785807436455249,
    0.008941047259437495,
    0.006718034007547644,
    0.005257198733597245,
    0.005574001197824173,
    0.004290880087372975,
    0.004673398932777052,
    0.0030895910639299196,
    0.00318368447556722,
    0.0033560399469876588,
    0.0028002990692759778,
    0.002730526603152093,
    0.003452955431777494,
    0.002044237849330864,
    0.002484632521667322,
    0.002734981725986437,
    0.00242957392481095,
    0.002803060063297303,
    0.0022249716618005745
  ],
  "train_acc": [
    0.6945600246571121,
    0.9320388349514563,
    0.9697950377562028,
    0.9821235937740792,
    0.9873632300816767,
    0.9887501926336878,
    0.9950685775928494,
    0.9947603636924025,
    0.9953767914932964,
    0.9955308984435198,
    0.9941439358915087,
    0.9961473262444136,
    0.9967637540453075,
    0.996301433194637,
    0.9976883957466481,
    0.9976883957466481,
    0.9984589304977655,
    0.9987671443982123,
    0.9981507165973186,
    0.9989212513484358,
    0.9986130374479889,
    0.9979966096470951,
    0.9989212513484358,
    0.998304823547542,
    0.998304823547542,
    0.998304823547542,
    0.998304823547542,
    0.9989212513484358
  ],
  "val_loss": [
    0.0,
    0.0,
    0.0,
    0.0,
    0.0,
    0.0,
    0.0,
    0.0,
    0.0,
    0.0,
    0.0,
    0.0,
    0.0,
    0.0,
    0.0,
    0.0,
    0.0,
    0.0,
    0.0,
    0.0,
    0.0,
    0.0,
    0.0,
    0.0,
    0.0,
    0.0,
    0.0,
    0.0
  ],
  "val_acc": [
    0.0,
    0.0,
    0.0,
    0.0,
    0.0,
    0.0,
    0.0,
    0.0,
    0.0,
    0.0,
    0.0,
    0.0,
    0.0,
    0.0,
    0.0,
    0.0,
    0.0,
    0.0,
    0.0,
    0.0,
    0.0,
    0.0,
    0.0,
    0.0,
    0.0,
    0.0,
    0.0,
    0.0
  ],
  "lr": [
    0.001,
    0.000996887543897155,
    0.0009875893165300026,
    0.0009722222485026419,
    0.0009509795896116974,
    0.0009241284786180006,
    0.0008920065838216748,
    0.000855017856687341,
    0.0008136274519200731,
    0.0007683558778750916,
    0.0007197724508631912,
    0.0006684881356678078,
    0.0006151478623083757,
    0.0005604224156711374,
    0.0005050000000000001,
    0.00044957758432886285,
    0.0003948521376916245,
    0.0003415118643321923,
    0.00029022754913680883,
    0.00024164412212490847,
    0.00019637254807992695,
    0.000154982143312659,
    0.00011799341617832541,
    8.587152138199936e-05,
    5.902041038830258e-05,
    3.777775149735805e-05,
    2.2410683469997256e-05,
    1.3112456102844912e-05
  ]
}