{
  "train_loss": [
    0.3045501673001923,
    0.048663900850588665,
    0.012627658231349865,
    0.006277357531881535,
    0.0019566843321888088,
    0.0027963577483012775,
    0.0008147668061233397,
    0.005354808705750155,
    0.0021571250453679067,
    0.0008280743568760998,
    0.00044047314296753173,
    0.0001745127904974968,
    0.00013381235305824955,
    0.000155473571062425,
    0.0001590132565169664,
    0.0001323005252652265,
    0.00010520319563744421,
    3.196859257792658e-05,
    0.00011367174820359419,
    2.256625463181654e-05,
    2.628686311969958e-05,
    4.7476075101629625e-05,
    0.00013701325475183322,
    0.0003082354976005904
  ],
  "train_acc": [
    0.6545654565456546,
    0.9631463146314632,
    0.9911991199119912,
    0.9955995599559956,
    0.9994499449944995,
    0.9983498349834984,
    0.9994499449944995,
    0.9972497249724972,
    0.9977997799779978,
    0.9994499449944995,
    1.0,
    1.0,
    1.0,
    1.0,
    1.0,
    1.0,
    1.0,
    1.0,
    1.0,
    1.0,
    1.0,
    1.0,
    1.0,
    0.9994499449944995
  ],
  "val_loss": [
    0.3661533359668611,
    0.005073204948614861,
    0.0026282120196845244,
    0.010988138462098136,
    0.011629269901752502,
    0.011711350412418742,
    0.010033379681559627,
    0.012227887460303406,
    0.0007323069785776596,
    0.010460456166298399,
    0.0074369876015533565,
    0.008474822069737695,
    0.006302164182712337,
    0.017449738708579788,
    0.011986616810711384,
    0.012224480082577425,
    0.012636074059790788,
    0.012225162688446638,
    0.012796516168732055,
    0.01194419648628642,
    0.011822537333836492,
    0.011926035403851941,
    0.012127244830303481,
    0.01278749488959375
  ],
  "val_acc": [
    0.6254295532646048,
    0.9982817869415808,
    0.9982817869415808,
    0.993127147766323,
    0.9965635738831615,
    0.9965635738831615,
    0.9965635738831615,
    0.993127147766323,
    1.0,
    0.9965635738831615,
    0.9965635738831615,
    0.9982817869415808,
    0.9982817869415808,
    0.9965635738831615,
    0.9982817869415808,
    0.9982817869415808,
    0.9982817869415808,
    0.9982817869415808,
    0.9982817869415808,
    0.9982817869415808,
    0.9982817869415808,
    0.9982817869415808,
    0.9982817869415808,
    0.9965635738831615
  ],
  "lr": [
    0.001,
    0.0009997557473810372,
    0.0009990232305719946,
    0.0009978031724785247,
    0.0009960967771506667,
    0.0009939057285945933,
    0.0009912321891107012,
    0.0009880787971596802,
    0.0009844486647586726,
    0.000980345374410087,
    0.0009757729755661012,
    0.0009707359806323418,
    0.0009652393605146846,
    0.0009592885397135708,
    0.0009528893909706799,
    0.0009460482294732424,
    0.0009387718066217127,
    0.0009310673033669524,
    0.0009229423231234977,
    0.0009144048842659084,
    0.0009054634122155993,
    0.0008961267311259671,
    0.000886404055174016,
    0.0008763049794670778
  ]
}