{
  "train_loss": [
    1.3213229503962074,
    0.7199246706020976,
    0.3555140543167609,
    0.163453522065554,
    0.09218322643876994,
    0.07441237955830574,
    0.044236384640571766,
    0.10380753549584264,
    0.04459984212199944,
    0.024416545409569876,
    0.008290021645204381,
    0.013213671885002548,
    0.006906624294805153,
    0.01114948734521202,
    0.005221676615725617,
    0.002856496990068198,
    0.01123530841232723,
    0.006941415608594696,
    0.013851844381122753,
    0.003620624039498874,
    0.005960332026102706,
    0.011314879057824415,
    0.004079894796915442,
    0.018215099891096483,
    0.002905158956195544
  ],
  "train_acc": [
    0.506050605060506,
    0.7497249724972497,
    0.8795379537953796,
    0.9455445544554455,
    0.9730473047304731,
    0.9807480748074807,
    0.988998899889989,
    0.9752475247524752,
    0.9895489548954896,
    0.9933993399339934,
    0.9983498349834984,
    0.9972497249724972,
    0.9983498349834984,
    0.9977997799779978,
    0.9983498349834984,
    0.9994499449944995,
    0.9977997799779978,
    0.9977997799779978,
    0.9983498349834984,
    0.9988998899889989,
    0.9983498349834984,
    0.9983498349834984,
    0.9983498349834984,
    0.9972497249724972,
    0.9977997799779978
  ],
  "val_loss": [
    2.0416148560572913,
    0.7627432259802605,
    0.07647789434612452,
    0.049127014278661396,
    0.06513636955461367,
    0.0869740589899598,
    0.19697070872103578,
    0.0534008695447363,
    0.047871952583325675,
    6.47583271472545e-05,
    0.03231267085956245,
    0.00174128039510856,
    0.02463534406461426,
    0.004836057028310454,
    0.017496991189345865,
    0.0009364517720057919,
    0.04763979786623594,
    0.02366381441952813,
    0.0016466498850745337,
    0.012394973869524536,
    0.03406665513237168,
    0.06357894133148514,
    0.013769340853508753,
    0.023923370076844582,
    0.007431624063938243
  ],
  "val_acc": [
    0.47079037800687284,
    0.6804123711340206,
    0.9673539518900344,
    0.9828178694158075,
    0.9879725085910653,
    0.9810996563573883,
    0.9536082474226805,
    0.9828178694158075,
    0.9896907216494846,
    1.0,
    0.993127147766323,
    0.9982817869415808,
    0.9948453608247423,
    0.9982817869415808,
    0.9948453608247423,
    1.0,
    0.993127147766323,
    0.9862542955326461,
    1.0,
    0.9948453608247423,
    0.9965635738831615,
    0.9879725085910653,
    0.9982817869415808,
    0.9965635738831615,
    0.9948453608247423
  ],
  "lr": [
    0.001,
    0.0009997557473810372,
    0.0009990232305719946,
    0.0009978031724785247,
    0.0009960967771506667,
    0.0009939057285945933,
    0.0009912321891107012,
    0.0009880787971596802,
    0.0009844486647586726,
    0.000980345374410087,
    0.0009757729755661012,
    0.0009707359806323418,
    0.0009652393605146846,
    0.0009592885397135708,
    0.0009528893909706799,
    0.0009460482294732424,
    0.0009387718066217127,
    0.0009310673033669524,
    0.0009229423231234977,
    0.0009144048842659084,
    0.0009054634122155993,
    0.0008961267311259671,
    0.000886404055174016,
    0.0008763049794670778,
    0.000865839470573599
  ]
}