{
  "train_loss": [
    0.7525017624772159,
    0.3554567583847885,
    0.3005437071632893,
    0.2515539285963518,
    0.22431687010724682,
    0.18908508997349063,
    0.17060081895166235,
    0.1493742240406368,
    0.144828618835039,
    0.1316111877855688,
    0.11277507427501993,
    0.10239111911607916,
    0.0952302249613637,
    0.09489566650819464,
    0.07454474295957712,
    0.07582864850939829,
    0.07251227717145835,
    0.06179681267462286,
    0.060671433167095626,
    0.055568972264382704,
    0.05666926442527666,
    0.053204858052668266,
    0.05558671099845857,
    0.04944792023897827,
    0.0480229251590794,
    0.044973896814323754,
    0.05020187679592139,
    0.03458295268804753,
    0.03576139579511712,
    0.038174798591236604,
    0.028924914023647344,
    0.03768589613576009,
    0.02780123642257469,
    0.030116331746148067,
    0.02494439897839517,
    0.02942182413200931,
    0.024338784554872837,
    0.026793721118661174,
    0.024829197703677305,
    0.024342176659141304,
    0.024468930786510374,
    0.023282236728009872,
    0.020291311836445947,
    0.01699714137167476,
    0.019259126339521673,
    0.019177696117424335,
    0.016489869497954123,
    0.018296711387602475,
    0.015711865081514332,
    0.014991320089751606,
    0.01830280064661527,
    0.01915222408026621,
    0.013821016076021922,
    0.01945134747273425,
    0.019507261681369414,
    0.018966029550802326,
    0.01679162787246888,
    0.017044231824257194,
    0.01213266847222814,
    0.016140495565268073,
    0.01379839865576857,
    0.014160694984762188,
    0.014346078280523436,
    0.01414761603763788,
    0.010946462135270188,
    0.01247749861116686,
    0.01270531001628855,
    0.012414293311437955,
    0.014164448216787003,
    0.01069699038881542,
    0.014613410431330222,
    0.011394925568174936,
    0.012512676729293022,
    0.011173257979229339,
    0.010174956950855957,
    0.01095378779518296,
    0.010109231548078515,
    0.009323736523637677,
    0.011035829618556797,
    0.011152945803140257
  ],
  "train_acc": [
    0.3641364136413641,
    0.5643564356435643,
    0.671067106710671,
    0.7194719471947195,
    0.7623762376237624,
    0.8146314631463146,
    0.8443344334433444,
    0.8619361936193619,
    0.8762376237623762,
    0.8932893289328933,
    0.9108910891089109,
    0.918041804180418,
    0.9301430143014301,
    0.9240924092409241,
    0.9438943894389439,
    0.9383938393839384,
    0.9477447744774478,
    0.9576457645764577,
    0.9537953795379538,
    0.9592959295929593,
    0.9576457645764577,
    0.9625962596259626,
    0.9598459845984598,
    0.9653465346534653,
    0.9697469746974697,
    0.9631463146314632,
    0.9620462046204621,
    0.9796479647964796,
    0.9763476347634763,
    0.9746974697469747,
    0.982948294829483,
    0.9746974697469747,
    0.9851485148514851,
    0.9807480748074807,
    0.9845984598459846,
    0.9840484048404841,
    0.982948294829483,
    0.977997799779978,
    0.9867986798679867,
    0.9856985698569857,
    0.9807480748074807,
    0.982948294829483,
    0.9851485148514851,
    0.9917491749174917,
    0.9884488448844885,
    0.988998899889989,
    0.988998899889989,
    0.988998899889989,
    0.9911991199119912,
    0.9911991199119912,
    0.988998899889989,
    0.9895489548954896,
    0.9928492849284929,
    0.9862486248624862,
    0.9878987898789879,
    0.9867986798679867,
    0.9878987898789879,
    0.9884488448844885,
    0.993949394939494,
    0.9884488448844885,
    0.9922992299229924,
    0.9917491749174917,
    0.9911991199119912,
    0.988998899889989,
    0.9933993399339934,
    0.9922992299229924,
    0.9922992299229924,
    0.9933993399339934,
    0.9911991199119912,
    0.9944994499449945,
    0.9878987898789879,
    0.9944994499449945,
    0.9917491749174917,
    0.9922992299229924,
    0.9933993399339934,
    0.9944994499449945,
    0.995049504950495,
    0.9966996699669967,
    0.9944994499449945,
    0.9911991199119912
  ],
  "val_loss": [
    0.6651093660248923,
    0.31861077151757333,
    0.23289552832796812,
    0.2831232682177701,
    0.1683386473490815,
    0.1860816948423066,
    0.13927850450702728,
    0.16415729791628472,
    0.14259260678119778,
    0.17903608210461655,
    0.07369365217564211,
    0.06107485124159643,
    0.10355267261316571,
    0.05698621395616904,
    0.07211321312214065,
    0.12792753881410396,
    0.04954382431798589,
    0.04386011487839358,
    0.1355445633508833,
    0.0512898137702408,
    0.12146108287503399,
    0.09909855291174033,
    0.09655576230009191,
    0.028413896095663745,
    0.09633143750343964,
    0.032019771871138386,
    0.062057339373306694,
    0.02032336496451513,
    0.02167342877964046,
    0.020428070760375706,
    0.014788573239848104,
    0.020364793765739454,
    0.018890066487774845,
    0.009279227960656293,
    0.024881799359281014,
    0.022952882034615704,
    0.011961914546966212,
    0.03591168869848702,
    0.012587918987529931,
    0.020102659574696532,
    0.014821997722023004,
    0.011916163853049848,
    0.006994274667260104,
    0.01037548254429382,
    0.005280054784317329,
    0.009715180508125875,
    0.008405862695998469,
    0.011759729514736299,
    0.006532545865445559,
    0.006691964888500977,
    0.004808348579810683,
    0.015713331645383754,
    0.0039281904571724716,
    0.003887602280500721,
    0.00441010207580848,
    0.013163446703685638,
    0.016205226160032796,
    0.0032047617695817364,
    0.01899104184265573,
    0.007405102345865377,
    0.00626910952219601,
    0.007794348403995313,
    0.0034137770657869473,
    0.01853926773549129,
    0.0021819689406738,
    0.004510260861801022,
    0.004611024471340034,
    0.00938625661816766,
    0.010347331004644592,
    0.0028239913128903296,
    0.004237073556927161,
    0.0032154281887886624,
    0.0027167354061002624,
    0.0036296894073361797,
    0.003357622512423775,
    0.00711434462797959,
    0.002859418712879336,
    0.0024114813672094122,
    0.0023683098376403064,
    0.002743056080743191
  ],
  "val_acc": [
    0.31958762886597936,
    0.5927835051546392,
    0.7577319587628866,
    0.6804123711340206,
    0.8436426116838488,
    0.8178694158075601,
    0.8848797250859106,
    0.8900343642611683,
    0.8573883161512027,
    0.8161512027491409,
    0.9690721649484536,
    0.9742268041237113,
    0.8969072164948454,
    0.9742268041237113,
    0.9450171821305842,
    0.9003436426116839,
    0.9742268041237113,
    0.979381443298969,
    0.8900343642611683,
    0.9690721649484536,
    0.9037800687285223,
    0.9037800687285223,
    0.9329896907216495,
    0.979381443298969,
    0.9278350515463918,
    0.9810996563573883,
    0.9432989690721649,
    0.9914089347079038,
    0.9896907216494846,
    0.993127147766323,
    0.9914089347079038,
    0.9845360824742269,
    0.9862542955326461,
    0.9965635738831615,
    0.9759450171821306,
    0.979381443298969,
    0.9948453608247423,
    0.9742268041237113,
    0.993127147766323,
    0.9862542955326461,
    0.9896907216494846,
    0.993127147766323,
    0.9982817869415808,
    0.9914089347079038,
    1.0,
    0.9948453608247423,
    0.9914089347079038,
    0.9914089347079038,
    0.9948453608247423,
    0.9965635738831615,
    0.9965635738831615,
    0.9862542955326461,
    0.9982817869415808,
    0.9982817869415808,
    0.9982817869415808,
    0.9948453608247423,
    0.9862542955326461,
    1.0,
    0.9879725085910653,
    0.9948453608247423,
    0.9965635738831615,
    0.9948453608247423,
    0.9982817869415808,
    0.9862542955326461,
    1.0,
    0.9982817869415808,
    1.0,
    0.9948453608247423,
    0.993127147766323,
    1.0,
    1.0,
    1.0,
    1.0,
    0.9982817869415808,
    0.9982817869415808,
    0.9982817869415808,
    1.0,
    1.0,
    1.0,
    1.0
  ],