{
  "train_loss": [
    1.6812972164783542,
    1.0715215212703406,
    0.8720702801731685,
    0.7537179410260896,
    0.6630539716404787,
    0.6156270421049644,
    0.5311158440425189,
    0.48374596831559874,
    0.40670097667654226,
    0.38970498296425027,
    0.35462733555679404,
    0.3021189682226632,
    0.2890070176163916,
    0.2564339153345662,
    0.2600907000443592,
    0.2089525417263883,
    0.211930967359194,
    0.19872459093860798,
    0.18408961702298016,
    0.16733769375761218,
    0.14941645389867433,
    0.13842157821188403,
    0.12542527499306452,
    0.13602821130563716,
    0.12490649677493391,
    0.11846085697641992,
    0.10844499312087123,
    0.10794276738389753,
    0.10217769816108006,
    0.08834700800306333,
    0.10286566312655364,
    0.07664533565179481,
    0.0890812883266259,
    0.08336880424022018,
    0.07548630650680845,
    0.0705077842910691,
    0.062230825293051004,
    0.07064898350615181,
    0.07140833779972772,
    0.06052718259910546,
    0.05439182423358441,
    0.0530346349266955,
    0.05316019080357977,
    0.05580546668391548,
    0.05298958623083052,
    0.05014493277888618,
    0.045443559874861414,
    0.051850897263083916,
    0.03663976772455755,
    0.041125023758040925,
    0.04671226673410146,
    0.04018210745093846,
    0.03915030415384027,
    0.04306719401324674,
    0.039499286633923374,
    0.03357761102442694,
    0.031214629430057456,
    0.03936402908269197,
    0.03173440921031209,
    0.02971285442658777,
    0.037078405403592536,
    0.03190898482162174,
    0.032345329520955465,
    0.02877857155454467,
    0.02663312839473238,
    0.031993642045703395,
    0.026228228532704057,
    0.0344535720763099,
    0.03141133087237414,
    0.025043432980906978
  ],
  "train_acc": [
    0.4295929592959296,
    0.6122112211221122,
    0.7051705170517052,
    0.7535753575357536,
    0.7810781078107811,
    0.7959295929592959,
    0.845984598459846,
    0.8498349834983498,
    0.8833883388338833,
    0.8740374037403741,
    0.900990099009901,
    0.9163916391639164,
    0.9158415841584159,
    0.9323432343234324,
    0.9268426842684269,
    0.9427942794279428,
    0.9394939493949395,
    0.9504950495049505,
    0.9510451045104511,
    0.9521452145214522,
    0.9620462046204621,
    0.9587458745874587,
    0.9697469746974697,
    0.9658965896589659,
    0.9642464246424642,
    0.966996699669967,
    0.9713971397139713,
    0.9713971397139713,
    0.9713971397139713,
    0.9812981298129813,
    0.9702970297029703,
    0.982948294829483,
    0.9774477447744775,
    0.9796479647964796,
    0.9801980198019802,
    0.9796479647964796,
    0.9873487348734874,
    0.9796479647964796,
    0.9812981298129813,
    0.9834983498349835,
    0.9878987898789879,
    0.9884488448844885,
    0.9856985698569857,
    0.9834983498349835,
    0.988998899889989,
    0.9884488448844885,
    0.9878987898789879,
    0.988998899889989,
    0.9917491749174917,
    0.9900990099009901,
    0.9895489548954896,
    0.9878987898789879,
    0.9911991199119912,
    0.9878987898789879,
    0.988998899889989,
    0.9928492849284929,
    0.9944994499449945,
    0.9900990099009901,
    0.9922992299229924,
    0.9944994499449945,
    0.9906490649064906,
    0.9911991199119912,
    0.9917491749174917,
    0.993949394939494,
    0.9928492849284929,
    0.9917491749174917,
    0.995049504950495,
    0.9895489548954896,
    0.9917491749174917,
    0.993949394939494
  ],
  "val_loss": [
    2.0377735593884263,
    0.9102536415572429,
    0.6724128621755187,
    0.5980254243227214,
    0.566426420872359,
    0.4136011327242421,
    0.38890238277153255,
    0.3218617319126207,
    0.26788181801329775,
    0.25818867575300414,
    0.1847266612552055,
    0.23148562811727913,
    0.1794775484635453,
    0.1603181037293344,
    0.20192667892477972,
    0.14882239141650305,
    0.19499194176461151,
    0.11642078225120031,
    0.09845370394589789,
    0.08390307641620956,
    0.0808703858126115,
    0.0581454053952013,
    0.06765524583990298,
    0.0737242772122101,
    0.057356926260109596,
    0.047188403707856146,
    0.07290045356435366,
    0.045675663217298906,
    0.08464981806453492,
    0.03995332193103438,
    0.042432493882860245,
    0.03583364930268716,
    0.04226892345318494,
    0.05503258988958515,
    0.057780537312389094,
    0.026597996173160273,
    0.060324409599752,
    0.07293648897104935,
    0.03470403229802446,
    0.02028239317778852,
    0.03174264113095666,
    0.03322139605609248,
    0.03981709518978237,
    0.02859361484485076,
    0.034179564020273404,
    0.0691770185137174,
    0.027202346947263062,
    0.0221080090458165,
    0.04206788624475108,
    0.032398777630359546,
    0.017805378703478304,
    0.02425695043115711,
    0.027546584876103057,
    0.02972286919602712,
    0.01440565400897964,
    0.03866290852877142,
    0.0314563896257842,
    0.013622938613948886,
    0.020831487879552968,
    0.03933046642680008,
    0.040478827205290044,
    0.03496893083905876,
    0.01399174496315258,
    0.01408625028564051,
    0.03193170405153769,
    0.01898023617028367,
    0.02129710902258968,
    0.01625877140875523,
    0.022052382157551908,
    0.03271229000254238
  ],
  "val_acc": [
    0.31958762886597936,
    0.711340206185567,
    0.8195876288659794,
    0.7920962199312714,
    0.8608247422680413,
    0.9192439862542955,
    0.9261168384879725,
    0.9398625429553265,
    0.9656357388316151,
    0.9725085910652921,
    0.9845360824742269,
    0.9690721649484536,
    0.9776632302405498,
    0.9759450171821306,
    0.9553264604810997,
    0.9776632302405498,
    0.9587628865979382,
    0.9845360824742269,
    0.9879725085910653,
    0.9879725085910653,
    0.9862542955326461,
    0.9896907216494846,
    0.9879725085910653,
    0.9845360824742269,
    0.9896907216494846,
    0.9896907216494846,
    0.9845360824742269,
    0.9896907216494846,
    0.979381443298969,
    0.993127147766323,
    0.9896907216494846,
    0.9896907216494846,
    0.9896907216494846,
    0.9862542955326461,
    0.979381443298969,
    0.9948453608247423,
    0.9845360824742269,
    0.979381443298969,
    0.9896907216494846,
    0.9948453608247423,
    0.993127147766323,
    0.9896907216494846,
    0.9896907216494846,
    0.9914089347079038,
    0.9896907216494846,
    0.9707903780068728,
    0.9896907216494846,
    0.9896907216494846,
    0.9879725085910653,
    0.9914089347079038,
    0.9896907216494846,
    0.9896907216494846,
    0.9914089347079038,
    0.9896907216494846,
    0.9914089347079038,
    0.9896907216494846,
    0.9896907216494846,
    0.9914089347079038,
    0.9896907216494846,
    0.9896907216494846,
    0.9896907216494846,
    0.9896907216494846,
    0.9914089347079038,
    0.9914089347079038,
    0.9896907216494846,
    0.9896907216494846,
    0.9896907216494846,
    0.9914089347079038,
    0.9896907216494846,
    0.9896907216494846
  ],