{
  "model": "cnn",
  "mode": "10class",
  "split": "random",
  "seed": 42,
  "parameters": 44618,
  "epochs_trained": 70,
  "best_val_acc": 0.9948453608247423,
  "best_epoch": 36,
  "test_metrics": {
    "accuracy": 0.9948453608247423,
    "macro_precision": 0.9933333333333334,
    "macro_recall": 0.9931818181818182,
    "macro_f1": 0.9931809376210771,
    "macro_auroc": 1.0,
    "per_class_metrics": {
      "Normal": {
        "precision": 1.0,
        "recall": 1.0,
        "f1": 1.0,
        "support": 186
      },
      "Ball_007": {
        "precision": 0.9777777777777777,
        "recall": 1.0,
        "f1": 0.9887640449438202,
        "support": 44
      },
      "Ball_014": {
        "precision": 1.0,
        "recall": 0.9772727272727273,
        "f1": 0.9885057471264368,
        "support": 44
      },
      "Ball_021": {
        "precision": 1.0,
        "recall": 0.9772727272727273,
        "f1": 0.9885057471264368,
        "support": 44
      },
      "IR_007": {
        "precision": 1.0,
        "recall": 1.0,
        "f1": 1.0,
        "support": 44
      },
      "IR_014": {
        "precision": 0.9777777777777777,
        "recall": 1.0,
        "f1": 0.9887640449438202,
        "support": 44
      },
      "IR_021": {
        "precision": 1.0,
        "recall": 0.9772727272727273,
        "f1": 0.9885057471264368,
        "support": 44
      },
      "OR_007": {
        "precision": 0.9777777777777777,
        "recall": 1.0,
        "f1": 0.9887640449438202,
        "support": 44
      },
      "OR_014": {
        "precision": 1.0,
        "recall": 1.0,
        "f1": 1.0,
        "support": 44
      },
      "OR_021": {
        "precision": 1.0,
        "recall": 1.0,
        "f1": 1.0,
        "support": 44
      }
    },
    "confusion_matrix": [
      [
        186,
        0,
        0,
        0,
        0,
        0,
        0,
        0,
        0,
        0
      ],
      [
        0,
        44,
        0,
        0,
        0,
        0,
        0,
        0,
        0,
        0
      ],
      [
        0,
        1,
        43,
        0,
        0,
        0,
        0,
        0,
        0,
        0
      ],
      [
        0,
        0,
        0,
        43,
        0,
        0,
        0,
        1,
        0,
        0
      ],
      [
        0,
        0,
        0,
        0,
        44,
        0,
        0,
        0,
        0,
        0
      ],
      [
        0,
        0,
        0,
        0,
        0,
        44,
        0,
        0,
        0,
        0
      ],
      [
        0,
        0,
        0,
        0,
        0,
        1,
        43,
        0,
        0,
        0
      ],
      [
        0,
        0,
        0,
        0,
        0,
        0,
        0,
        44,
        0,
        0
      ],
      [
        0,
        0,
        0,
        0,
        0,
        0,
        0,
        0,
        44,
        0
      ],
      [
        0,
        0,
        0,
        0,
        0,
        0,
        0,
        0,
        0,
        44
      ]
    ]
  },
  "noise_robustness": null,
  "kfold_cv": null,
  "timestamp": "2025-12-21T13:00:54.447420"
}