{
  "train_loss": [
    0.551905355921345,
    0.0748749064482396,
    0.008528278888102285,
    0.007162112183958534,
    0.002650139051237596,
    0.002617013324229632,
    0.0076901678378720395,
    0.001186023299592372,
    0.0026756245894397263,
    0.0022203464204731973,
    0.00418897637710571,
    0.003844077905027521,
    0.00030741714286192215,
    1.769586227558971e-05,
    6.666867881214243e-05,
    4.569311078914609e-05,
    2.755129460161013e-05,
    2.297487313024194e-05,
    1.529088221894187e-05,
    2.4312655508384393e-05
  ],
  "train_acc": [
    0.7563256325632564,
    0.9735973597359736,
    0.9955995599559956,
    0.9972497249724972,
    0.9994499449944995,
    0.9988998899889989,
    0.9988998899889989,
    0.9994499449944995,
    0.9988998899889989,
    0.9988998899889989,
    0.9988998899889989,
    0.9988998899889989,
    1.0,
    1.0,
    1.0,
    1.0,
    1.0,
    1.0,
    1.0,
    1.0
  ],
  "val_loss": [
    2.0106615697056105,
    0.003985355540605884,
    0.009454730032220032,
    0.004259766031688842,
    9.317401556143224e-05,
    0.02429874313481727,
    0.01581713393486238,
    0.00025994213317514104,
    0.0013474279617731895,
    0.008435636553908605,
    0.005254269330105143,
    0.0018497793480142064,
    0.016561356478744686,
    0.019417486649605062,
    0.019556850502168634,
    0.019398624749505055,
    0.01956030193879892,
    0.014599159001484709,
    0.013489364143909,
    0.014836281640423062
  ],
  "val_acc": [
    0.5463917525773195,
    0.9982817869415808,
    0.9965635738831615,
    0.9982817869415808,
    1.0,
    0.9948453608247423,
    0.9965635738831615,
    1.0,
    0.9982817869415808,
    0.9982817869415808,
    0.9982817869415808,
    0.9982817869415808,
    0.9965635738831615,
    0.9948453608247423,
    0.9948453608247423,
    0.9948453608247423,
    0.9965635738831615,
    0.9948453608247423,
    0.9948453608247423,
    0.9948453608247423
  ],
  "lr": [
    0.001,
    0.0009997557473810372,
    0.0009990232305719946,
    0.0009978031724785247,
    0.0009960967771506667,
    0.0009939057285945933,
    0.0009912321891107012,
    0.0009880787971596802,
    0.0009844486647586726,
    0.000980345374410087,
    0.0009757729755661012,
    0.0009707359806323418,
    0.0009652393605146846,
    0.0009592885397135708,
    0.0009528893909706799,
    0.0009460482294732424,
    0.0009387718066217127,
    0.0009310673033669524,
    0.0009229423231234977,
    0.0009144048842659084
  ]
}