{
  "train_loss": [
    0.300415993662415,
    0.027847788351656973,
    0.02677061068646206,
    0.014204446759894782,
    0.012209773552567872,
    0.010465208777681844,
    0.005928124087872756,
    0.007042970143417279,
    0.0064040997635109115,
    0.006556804663403548,
    0.004207826009679001,
    0.0017662945321263322,
    0.007461096422985507,
    0.003162901169022592,
    0.019083847264425434,
    0.004155802226699257,
    0.006168936206478999,
    0.0025880353044926965,
    0.0028401390323970336,
    0.0003195715849028541
  ],
  "train_acc": [
    0.8745637446109629,
    0.9915828371997536,
    0.9942516936973927,
    0.9956887702730446,
    0.99774173680969,
    0.9987682200780127,
    0.9979470334633546,
    0.99774173680969,
    0.9983576267706836,
    0.9979470334633546,
    0.9979470334633546,
    0.9995894066926709,
    0.9979470334633546,
    0.9991788133853419,
    0.9963046602340382,
    0.9991788133853419,
    0.9985629234243482,
    0.9993841100390064,
    0.9995894066926709,
    0.9997947033463355
  ],
  "val_loss": [
    0.07724274081713334,
    0.013544301278136455,
    0.003830739575920012,
    0.0034993916243068563,
    0.00016048251910591858,
    0.009736225778490672,
    0.0073010453910452005,
    0.002597267927990197,
    0.04131584516213617,
    0.0019363098280820656,
    0.007676498552010364,
    0.0018201929362819383,
    0.005166962871934928,
    0.006474676148445543,
    0.08121108057579464,
    0.001961337299032049,
    2.3306032691062866e-06,
    0.00015987013701158507,
    0.002062428733969454,
    0.00216757342265864
  ],
  "val_acc": [
    0.9742268041237113,
    0.9957044673539519,
    0.9991408934707904,
    0.9982817869415808,
    1.0,
    0.9965635738831615,
    0.9982817869415808,
    0.9991408934707904,
    0.9922680412371134,
    0.9991408934707904,
    0.9982817869415808,
    0.9991408934707904,
    0.9982817869415808,
    0.9991408934707904,
    0.9862542955326461,
    0.9991408934707904,
    1.0,
    1.0,
    0.9991408934707904,
    0.9991408934707904
  ],
  "lr": [
    0.001,
    0.0009997557473810372,
    0.0009990232305719946,
    0.0009978031724785247,
    0.0009960967771506667,
    0.0009939057285945933,
    0.0009912321891107012,
    0.0009880787971596802,
    0.0009844486647586726,
    0.000980345374410087,
    0.0009757729755661012,
    0.0009707359806323418,
    0.0009652393605146846,
    0.0009592885397135708,
    0.0009528893909706799,
    0.0009460482294732424,
    0.0009387718066217127,
    0.0009310673033669524,
    0.0009229423231234977,
    0.0009144048842659084
  ]
}