{
  "train_loss": [
    0.25865220235156294,
    0.015144034216498703,
    0.013339774572836359,
    0.005573567207068911,
    0.004567456381267793,
    0.00018112498422869565,
    7.52077631321459e-05,
    3.270876018131097e-05,
    5.623085473410587e-05,
    9.183848550591053e-06,
    9.681770376772851e-06,
    0.003026396910120583,
    0.01279540417494378,
    0.03540020143744566,
    0.013220306752216448,
    3.232115453814565e-05,
    6.80201886701542e-05,
    2.3138088361501788e-05,
    3.971345113156565e-05,
    3.5451119808789424e-06,
    9.727946160097955e-06,
    1.6725177219314832e-05,
    8.917310930177352e-06,
    2.255147979728227e-05,
    1.8601638689650073e-06,
    9.775058904744333e-06,
    0.0001196794656658891,
    7.275243399896407e-06,
    0.00022650802326137635,
    0.0004775831303953254,
    0.017767557980936745
  ],
  "train_acc": [
    0.8936563334017655,
    0.9958940669267091,
    0.9967152535413673,
    0.9985629234243482,
    0.9987682200780127,
    1.0,
    1.0,
    1.0,
    1.0,
    1.0,
    1.0,
    0.9989735167316772,
    0.9965099568877027,
    0.9934305070827345,
    0.9983576267706836,
    1.0,
    1.0,
    1.0,
    1.0,
    1.0,
    1.0,
    1.0,
    1.0,
    1.0,
    1.0,
    1.0,
    1.0,
    1.0,
    0.9997947033463355,
    0.9997947033463355,
    0.9963046602340382
  ],
  "val_loss": [
    0.022451734265162945,
    0.003370977222651341,
    0.023078897478393322,
    0.013246140125602305,
    0.012573898439752741,
    0.01531331373567914,
    0.016931132230645244,
    0.016918786737558623,
    0.016653141313235108,
    0.016916340982475696,
    0.01749450424026873,
    0.004821978334986312,
    0.30648908423266147,
    0.01648891564183338,
    0.003292469195996645,
    0.0005575669408171078,
    0.004480871985875109,
    0.005563513641349667,
    0.003853936249299524,
    0.00424121072536334,
    0.004258533601024983,
    0.004065284189249329,
    0.004717201300261307,
    0.008132956292665108,
    0.007925850393481542,
    0.008569166511861901,
    0.001132227795084732,
    0.0012949410388067675,
    0.009513193949716763,
    0.005068489258988287,
    0.013492205868712095
  ],
  "val_acc": [
    0.9957044673539519,
    0.9991408934707904,
    0.9965635738831615,
    0.9991408934707904,
    0.9991408934707904,
    0.9991408934707904,
    0.9991408934707904,
    0.9991408934707904,
    0.9991408934707904,
    0.9991408934707904,
    0.9991408934707904,
    0.9982817869415808,
    0.9742268041237113,
    0.9974226804123711,
    0.9991408934707904,
    1.0,
    0.9991408934707904,
    0.9991408934707904,
    0.9991408934707904,
    0.9991408934707904,
    0.9991408934707904,
    0.9991408934707904,
    0.9991408934707904,
    0.9991408934707904,
    0.9991408934707904,
    0.9991408934707904,
    0.9991408934707904,
    0.9991408934707904,
    0.9991408934707904,
    0.9982817869415808,
    0.9965635738831615
  ],
  "lr": [
    0.001,
    0.0009997557473810372,
    0.0009990232305719946,
    0.0009978031724785247,
    0.0009960967771506667,
    0.0009939057285945933,
    0.0009912321891107012,
    0.0009880787971596802,
    0.0009844486647586726,
    0.000980345374410087,
    0.0009757729755661012,
    0.0009707359806323418,
    0.0009652393605146846,
    0.0009592885397135708,
    0.0009528893909706799,
    0.0009460482294732424,
    0.0009387718066217127,
    0.0009310673033669524,
    0.0009229423231234977,
    0.0009144048842659084,
    0.0009054634122155993,
    0.0008961267311259671,
    0.000886404055174016,
    0.0008763049794670778,
    0.000865839470573599,
    0.0008550178566873413,
    0.0008438508174347012,
    0.000832349373335208,
    0.0008205248749256018,
    0.0008083889915582238,
    0.0007959536998847747
  ]
}