{
  "model": "lstm",
  "mode": "4class",
  "split": "cross_load",
  "seed": 42,
  "parameters": 631940,
  "epochs_trained": 31,
  "best_val_acc": 1.0,
  "best_epoch": 16,
  "test_metrics": {
    "accuracy": 0.8876184253511924,
    "macro_precision": 0.9154152032618788,
    "macro_recall": 0.8781869688385269,
    "macro_f1": 0.8697933684852795,
    "macro_auroc": 0.9988888077970014,
    "per_class_metrics": {
      "Normal": {
        "precision": 1.0,
        "recall": 1.0,
        "f1": 1.0,
        "support": 945
      },
      "Ball": {
        "precision": 0.9805013927576601,
        "recall": 1.0,
        "f1": 0.9901547116736991,
        "support": 704
      },
      "IR": {
        "precision": 1.0,
        "recall": 0.5141643059490085,
        "f1": 0.6791393826005613,
        "support": 706
      },
      "OR": {
        "precision": 0.6811594202898551,
        "recall": 0.9985835694050992,
        "f1": 0.8098793796668581,
        "support": 706
      }
    },
    "confusion_matrix": [
      [
        945,
        0,
        0,
        0
      ],
      [
        0,
        704,
        0,
        0
      ],
      [
        0,
        13,
        363,
        330
      ],
      [
        0,
        1,
        0,
        705
      ]
    ]
  },
  "noise_robustness": null,
  "kfold_cv": null,
  "timestamp": "2025-12-21T13:07:20.497535"
}