{
  "train_loss": [
    0.2345898393196224,
    0.02828649818383691,
    0.014625546350847814,
    0.0149147361515231,
    0.0028231557818864023,
    0.003514464798663661,
    0.00017569427887015307,
    0.0012582354722511886,
    0.002808893617546549,
    4.4265468037571086e-05,
    2.330504825035848e-05,
    1.435503733822618e-05,
    1.4191943477006202e-05,
    2.34011313324164e-05,
    1.567973439558852e-05,
    6.295148680885026e-05,
    2.090288500017629e-05,
    8.04666200167363e-06,
    1.109375591908853e-05,
    2.785164313465587e-05
  ],
  "train_acc": [
    0.9086429891192773,
    0.9926093204680764,
    0.9965099568877027,
    0.9965099568877027,
    0.9987682200780127,
    0.9991788133853419,
    1.0,
    0.9997947033463355,
    0.9995894066926709,
    1.0,
    1.0,
    1.0,
    1.0,
    1.0,
    1.0,
    1.0,
    1.0,
    1.0,
    1.0,
    1.0
  ],
  "val_loss": [
    0.02127986029155268,
    0.009365056836400477,
    0.0014536138011380056,
    0.00181353750403392,
    3.112830002201446e-05,
    2.2770413694271033e-05,
    1.2452196199951994e-06,
    1.989707241347261e-06,
    1.7563118154014382e-07,
    1.1521036215766372e-07,
    4.076010954491851e-08,
    2.007294337772496e-08,
    1.1879939915347974e-08,
    3.441048444429433e-08,
    1.5873998381516216e-08,
    2.8368226701658094e-08,
    9.01235934143625e-09,
    1.8434415231418712e-09,
    2.45792132275482e-09,
    1.7410277694519981e-09
  ],
  "val_acc": [
    0.9948453608247423,
    0.9974226804123711,
    0.9991408934707904,
    1.0,
    1.0,
    1.0,
    1.0,
    1.0,
    1.0,
    1.0,
    1.0,
    1.0,
    1.0,
    1.0,
    1.0,
    1.0,
    1.0,
    1.0,
    1.0,
    1.0
  ],
  "lr": [
    0.001,
    0.0009997557473810372,
    0.0009990232305719946,
    0.0009978031724785247,
    0.0009960967771506667,
    0.0009939057285945933,
    0.0009912321891107012,
    0.0009880787971596802,
    0.0009844486647586726,
    0.000980345374410087,
    0.0009757729755661012,
    0.0009707359806323418,
    0.0009652393605146846,
    0.0009592885397135708,
    0.0009528893909706799,
    0.0009460482294732424,
    0.0009387718066217127,
    0.0009310673033669524,
    0.0009229423231234977,
    0.0009144048842659084
  ]
}