{
  "train_loss": [
    1.3484491904576619,
    0.5352432135701573,
    0.28621486549002373,
    0.12658011099801075,
    0.052957569689790096,
    0.06536160213042899,
    0.03475214953240257,
    0.013836172633477547,
    0.02748782277912541,
    0.04714409170448944,
    0.0417658427414639,
    0.0474274482234044,
    0.013226656891493695,
    0.017498439562592012,
    0.00433291732441179,
    0.006062708061711752,
    0.02021564021504231,
    0.02908592071482549,
    0.009764917496063135,
    0.006944173214930479,
    0.010257747900550335,
    0.0007339121216063606,
    0.0014561937956873092,
    0.017439105355667978,
    0.0054488699539224465,
    0.012406245548671523,
    0.010168021788114448,
    0.00045886932042280335
  ],
  "train_acc": [
    0.4933993399339934,
    0.8140814081408141,
    0.9130913091309131,
    0.9631463146314632,
    0.9840484048404841,
    0.9851485148514851,
    0.9900990099009901,
    0.9972497249724972,
    0.993949394939494,
    0.9878987898789879,
    0.9884488448844885,
    0.9906490649064906,
    0.9966996699669967,
    0.9966996699669967,
    0.9983498349834984,
    0.9988998899889989,
    0.9966996699669967,
    0.9955995599559956,
    0.9977997799779978,
    0.9983498349834984,
    0.9966996699669967,
    1.0,
    0.9994499449944995,
    0.9955995599559956,
    0.9983498349834984,
    0.9988998899889989,
    0.9972497249724972,
    1.0
  ],
  "val_loss": [
    1.5461340596686561,
    0.2099239689991653,
    0.13753438360118578,
    0.03831122858614399,
    0.06296497275773796,
    0.009222499207105736,
    0.0073171152383382804,
    0.033188074049086996,
    0.035026156312109154,
    0.11795039907158993,
    0.015826883042513094,
    0.012384060196810234,
    0.00021671928058425305,
    0.006725818225113878,
    0.012943836862368354,
    7.724673393889999e-06,
    2.641727186290813e-06,
    0.0016579704946458492,
    0.016549269329712513,
    0.03003741433769241,
    0.00039549202154502347,
    1.0112225639695242e-06,
    0.003158031858208287,
    0.03979934420605991,
    0.020285432302883828,
    8.9283853842085e-05,
    0.030584111319427718,
    7.065175052237377e-05
  ],
  "val_acc": [
    0.4518900343642612,
    0.9484536082474226,
    0.9776632302405498,
    0.9879725085910653,
    0.979381443298969,
    0.9965635738831615,
    0.9982817869415808,
    0.9896907216494846,
    0.9914089347079038,
    0.9690721649484536,
    0.9982817869415808,
    0.9982817869415808,
    1.0,
    0.9982817869415808,
    0.9982817869415808,
    1.0,
    1.0,
    0.9982817869415808,
    0.993127147766323,
    0.9948453608247423,
    1.0,
    1.0,
    0.9982817869415808,
    0.9914089347079038,
    0.9982817869415808,
    1.0,
    0.9948453608247423,
    1.0
  ],
  "lr": [
    0.001,
    0.0009997557473810372,
    0.0009990232305719946,
    0.0009978031724785247,
    0.0009960967771506667,
    0.0009939057285945933,
    0.0009912321891107012,
    0.0009880787971596802,
    0.0009844486647586726,
    0.000980345374410087,
    0.0009757729755661012,
    0.0009707359806323418,
    0.0009652393605146846,
    0.0009592885397135708,
    0.0009528893909706799,
    0.0009460482294732424,
    0.0009387718066217127,
    0.0009310673033669524,
    0.0009229423231234977,
    0.0009144048842659084,
    0.0009054634122155993,
    0.0008961267311259671,
    0.000886404055174016,
    0.0008763049794670778,
    0.000865839470573599,
    0.0008550178566873413,
    0.0008438508174347012,
    0.000832349373335208
  ]
}