{
  "train_loss": [
    0.31486400027761857,
    0.031792759186227294,
    0.03120180062636548,
    0.026655752932740084,
    0.014742440065701861,
    0.004880528714818362,
    0.0011532676001505808,
    0.004786417592449168,
    0.005403763088689101,
    0.002806130659156729,
    0.013558152373338104,
    0.017145013757622327,
    0.0019602924698074193,
    0.00012255581851198857,
    0.00025462637078194045,
    0.02156342516121502,
    0.005248992434128009,
    0.00033957124001093576
  ],
  "train_acc": [
    0.8606035721617737,
    0.9897351673167727,
    0.9928146171217409,
    0.9924040238144118,
    0.9958940669267091,
    0.9989735167316772,
    0.9997947033463355,
    0.9993841100390064,
    0.9979470334633546,
    0.9993841100390064,
    0.9969205501950318,
    0.9971258468486963,
    0.9993841100390064,
    1.0,
    0.9997947033463355,
    0.9969205501950318,
    0.9991788133853419,
    1.0
  ],
  "val_loss": [
    0.027287081388877497,
    0.030760881054601254,
    0.0004059481116607156,
    0.003236844396038309,
    2.203999830797394e-05,
    6.686461421964136e-05,
    4.054727159531705e-05,
    2.8129142800994653e-05,
    0.003927958986222756,
    0.08704831300258985,
    0.04250201217420205,
    0.00619801996533513,
    5.1280723743951614e-05,
    3.1370975589957633e-06,
    0.010452269058303853,
    0.011651028616723607,
    2.6444875436157356e-05,
    3.918882348490612e-06
  ],
  "val_acc": [
    0.9948453608247423,
    0.9905498281786942,
    1.0,
    0.9991408934707904,
    1.0,
    1.0,
    1.0,
    1.0,
    0.9991408934707904,
    0.9828178694158075,
    0.9836769759450171,
    0.9982817869415808,
    1.0,
    1.0,
    0.9982817869415808,
    0.9957044673539519,
    1.0,
    1.0
  ],
  "lr": [
    0.001,
    0.0009997557473810372,
    0.0009990232305719946,
    0.0009978031724785247,
    0.0009960967771506667,
    0.0009939057285945933,
    0.0009912321891107012,
    0.0009880787971596802,
    0.0009844486647586726,
    0.000980345374410087,
    0.0009757729755661012,
    0.0009707359806323418,
    0.0009652393605146846,
    0.0009592885397135708,
    0.0009528893909706799,
    0.0009460482294732424,
    0.0009387718066217127,
    0.0009310673033669524
  ]
}