{
  "model": "cnnlstm",
  "mode": "4class",
  "split": "cross_load",
  "seed": 42,
  "parameters": 711876,
  "epochs_trained": 18,
  "best_val_acc": 1.0,
  "best_epoch": 3,
  "test_metrics": {
    "accuracy": 0.9957530218882719,
    "macro_precision": 0.9954000141753345,
    "macro_recall": 0.9953966005665723,
    "macro_f1": 0.995395067591845,
    "macro_auroc": 0.999824825428694,
    "per_class_metrics": {
      "Normal": {
        "precision": 1.0,
        "recall": 1.0,
        "f1": 1.0,
        "support": 945
      },
      "Ball": {
        "precision": 0.9985815602836879,
        "recall": 1.0,
        "f1": 0.9992902767920511,
        "support": 704
      },
      "IR": {
        "precision": 0.9943019943019943,
        "recall": 0.9886685552407932,
        "f1": 0.9914772727272727,
        "support": 706
      },
      "OR": {
        "precision": 0.9887165021156559,
        "recall": 0.9929178470254958,
        "f1": 0.9908127208480565,
        "support": 706
      }
    },
    "confusion_matrix": [
      [
        945,
        0,
        0,
        0
      ],
      [
        0,
        704,
        0,
        0
      ],
      [
        0,
        0,
        698,
        8
      ],
      [
        0,
        1,
        4,
        701
      ]
    ]
  },
  "noise_robustness": null,
  "kfold_cv": null,
  "timestamp": "2025-12-21T13:13:51.821837"
}