{
  "train_loss": [
    0.6073374459058931,
    0.13325499000009333,
    0.08845898191822638,
    0.056049077223465915,
    0.011909848403101593,
    0.019929230218864384,
    0.005478745056196831,
    0.011751447238628504,
    0.016753254491030017,
    0.0011701560381372695,
    0.038169374838276746,
    0.016436477204189004,
    0.005315837943865941,
    0.0007914493137835325,
    0.004005273636633493,
    0.0006280890763841638,
    0.0003662076939457324,
    7.061583422804132e-05,
    8.909583802350365e-05,
    6.250285009325948e-05,
    3.7436893110683105e-05
  ],
  "train_acc": [
    0.7227722772277227,
    0.9587458745874587,
    0.9708470847084708,
    0.9834983498349835,
    0.9977997799779978,
    0.995049504950495,
    0.9977997799779978,
    0.9972497249724972,
    0.9961496149614961,
    0.9994499449944995,
    0.9911991199119912,
    0.9966996699669967,
    0.9983498349834984,
    0.9994499449944995,
    0.9994499449944995,
    1.0,
    1.0,
    1.0,
    1.0,
    1.0,
    1.0
  ],
  "val_loss": [
    1.0953545834300271,
    0.12700967897100618,
    0.01568334975203645,
    0.0068377253657071375,
    0.0033460944661437148,
    0.00048130761737469194,
    0.00255226503053096,
    7.946621554710553e-05,
    0.04334336277557024,
    1.1668633707059493,
    0.007245285136021479,
    0.0021913737236447183,
    0.014374410412387925,
    0.000244323981392087,
    0.005259944822070204,
    0.010412996282793166,
    0.0001658046535288687,
    7.333677079574245e-05,
    0.0073130958636763044,
    0.001166870060441528,
    0.0003252978210314907
  ],
  "val_acc": [
    0.7336769759450171,
    0.9450171821305842,
    0.993127147766323,
    0.9982817869415808,
    1.0,
    1.0,
    0.9982817869415808,
    1.0,
    0.9862542955326461,
    0.8213058419243986,
    0.9982817869415808,
    1.0,
    0.993127147766323,
    1.0,
    0.9982817869415808,
    0.9948453608247423,
    1.0,
    1.0,
    0.9965635738831615,
    1.0,
    1.0
  ],
  "lr": [
    0.001,
    0.0009997557473810372,
    0.0009990232305719946,
    0.0009978031724785247,
    0.0009960967771506667,
    0.0009939057285945933,
    0.0009912321891107012,
    0.0009880787971596802,
    0.0009844486647586726,
    0.000980345374410087,
    0.0009757729755661012,
    0.0009707359806323418,
    0.0009652393605146846,
    0.0009592885397135708,
    0.0009528893909706799,
    0.0009460482294732424,
    0.0009387718066217127,
    0.0009310673033669524,
    0.0009229423231234977,
    0.0009144048842659084,
    0.0009054634122155993
  ]
}