{
  "train_loss": [
    0.28328660569337577,
    0.08713922765761004,
    0.04511821889320679,
    0.027682240608471635,
    0.020024990728953106,
    0.015015583411809232,
    0.011996653766998076,
    0.010787777551865335,
    0.008654656357280159,
    0.007129885708101726,
    0.00852898653555879,
    0.006109550007842716,
    0.0052147894687578885,
    0.005017060363737846,
    0.0048825860791958066,
    0.004556047875106353,
    0.003739003311282365,
    0.00438738745306381,
    0.004076452902882403
  ],
  "train_acc": [
    0.7002619818153799,
    0.9365079365079365,
    0.968870396054862,
    0.98304823547542,
    0.9864385883803359,
    0.9913700107874865,
    0.9927569733394976,
    0.9944521497919556,
    0.9944521497919556,
    0.9959932192941902,
    0.994914470642626,
    0.9958391123439667,
    0.9979966096470951,
    0.9976883957466481,
    0.9978425026968716,
    0.9973801818462013,
    0.9989212513484358,
    0.9970719679457544,
    0.9984589304977655
  ],
  "val_loss": [
    0.0,
    0.0,
    0.0,
    0.0,
    0.0,
    0.0,
    0.0,
    0.0,
    0.0,
    0.0,
    0.0,
    0.0,
    0.0,
    0.0,
    0.0,
    0.0,
    0.0,
    0.0,
    0.0
  ],
  "val_acc": [
    0.0,
    0.0,
    0.0,
    0.0,
    0.0,
    0.0,
    0.0,
    0.0,
    0.0,
    0.0,
    0.0,
    0.0,
    0.0,
    0.0,
    0.0,
    0.0,
    0.0,
    0.0,
    0.0
  ],
  "lr": [
    0.001,
    0.0009932488451843476,
    0.0009731795346418141,
    0.000940339506847212,
    0.0008956245521512149,
    0.000840254377954742,
    0.0007757393382706013,
    0.0007038392352032199,
    0.0006265153161346956,
    0.0005458767760088046,
    0.00046412322399119553,
    0.00038348468386530457,
    0.00030616076479678014,
    0.00023426066172939857,
    0.00016974562204525822,
    0.0001143754478487852,
    6.966049315278795e-05,
    3.68204653581858e-05,
    1.675115481565245e-05
  ]
}