{
  "model": "cnn",
  "mode": "multilabel",
  "split": "fault_size_all_loads",
  "seed": 42,
  "parameters": 44163,
  "epochs_trained": 19,
  "best_val_acc": 0.9989212513484358,
  "best_epoch": 17,
  "test_metrics": {
    "macro_auroc": 0.7913060294319324,
    "per_class_auroc": {
      "Ball": 0.9332907223642589,
      "IR": 0.9102426504561736,
      "OR": 0.5303847154753643,
      "macro": 0.7913060294319324
    },
    "per_class_metrics": {
      "Ball": {
        "precision": 0.6205882352941177,
        "recall": 0.8978723404255319,
        "f1": 0.7339130434782609,
        "auroc": 0.9332907223642589
      },
      "IR": {
        "precision": 0.66125,
        "recall": 0.7535612535612536,
        "f1": 0.7043941411451398,
        "auroc": 0.9102426504561736
      },
      "OR": {
        "precision": 0.0,
        "recall": 0.0,
        "f1": 0.0,
        "auroc": 0.5303847154753643
      }
    }
  },
  "noise_robustness": null,
  "kfold_cv": {
    "fold_results": [
      {
        "fold": 1,
        "best_val_acc": 1.0,
        "best_epoch": 11,
        "epochs_trained": 26,
        "final_val_loss": 0.00031115934509394743
      },
      {
        "fold": 2,
        "best_val_acc": 1.0,
        "best_epoch": 19,
        "epochs_trained": 34,
        "final_val_loss": 0.0005150804247550731
      },
      {
        "fold": 3,
        "best_val_acc": 1.0,
        "best_epoch": 23,
        "epochs_trained": 38,
        "final_val_loss": 0.0008547683764868315
      }
    ],
    "mean_val_acc": 1.0,
    "std_val_acc": 0.0,
    "mean_best_epoch": 17.666666666666668,
    "median_best_epoch": 19,
    "optimal_epochs": 19,
    "n_folds": 3
  },
  "timestamp": "2025-12-21T13:02:48.270026"
}