{
  "train_loss": [
    1.2367446386512488,
    0.6108553841693698,
    0.4486459494948518,
    0.18220997442736223,
    0.09185969390229161,
    0.06775087093969252,
    0.039216038259719595,
    0.025827468321813634,
    0.02551306933251684,
    0.02982164768356629,
    0.0034959176616109005,
    0.016635415627807713,
    0.017718402866701358,
    0.004674500973982408,
    0.0017188988222807955,
    0.004526141246927905,
    0.002955509141398485,
    0.05030971147607688,
    0.027129743562251066,
    0.007734241700647716,
    0.01095489547949808,
    0.0014988149976566827,
    0.03815036501041439,
    0.016281518943587828,
    0.0007390440791618382,
    0.0001660131199070589,
    0.00756089461035366,
    0.00045676968899754396,
    0.00024417591658816595,
    0.0008252269937488729,
    0.0001763334657120064
  ],
  "train_acc": [
    0.5594059405940595,
    0.7926292629262927,
    0.8613861386138614,
    0.9471947194719472,
    0.971947194719472,
    0.9796479647964796,
    0.9911991199119912,
    0.9906490649064906,
    0.9911991199119912,
    0.9928492849284929,
    0.9994499449944995,
    0.9966996699669967,
    0.9955995599559956,
    0.9983498349834984,
    0.9994499449944995,
    0.9977997799779978,
    0.9994499449944995,
    0.9900990099009901,
    0.9911991199119912,
    0.9966996699669967,
    0.9983498349834984,
    1.0,
    0.9922992299229924,
    0.9972497249724972,
    1.0,
    1.0,
    0.9988998899889989,
    1.0,
    1.0,
    1.0,
    1.0
  ],
  "val_loss": [
    4.4456462250299165,
    0.1699155410679691,
    0.06762637143004109,
    0.023233307112867495,
    0.02792686092213922,
    0.05653266240952905,
    0.5949175680292921,
    0.09503483059583406,
    0.41746387943062135,
    0.012832250844604109,
    0.01713996740196289,
    0.13536894459697532,
    0.09625383112806005,
    0.05157952038683994,
    0.07673965299962286,
    0.004888116823368954,
    0.0478850743018986,
    0.055454562393506455,
    0.09723635218848249,
    0.044438198228241146,
    0.04761212044990727,
    0.02989346418283204,
    0.07390808944953624,
    0.04645370339687869,
    0.04822141582197053,
    0.053613581919607994,
    0.06260562958598444,
    0.029446170900212756,
    0.007954711705616553,
    0.022227017292337777,
    0.015714746504637323
  ],
  "val_acc": [
    0.3951890034364261,
    0.9776632302405498,
    0.979381443298969,
    0.993127147766323,
    0.9914089347079038,
    0.9776632302405498,
    0.8951890034364262,
    0.9810996563573883,
    0.9123711340206185,
    0.9948453608247423,
    0.9965635738831615,
    0.9604810996563574,
    0.979381443298969,
    0.9965635738831615,
    0.9896907216494846,
    0.9982817869415808,
    0.9914089347079038,
    0.993127147766323,
    0.9810996563573883,
    0.993127147766323,
    0.9965635738831615,
    0.9965635738831615,
    0.9948453608247423,
    0.9948453608247423,
    0.9965635738831615,
    0.9965635738831615,
    0.9965635738831615,
    0.9965635738831615,
    0.9982817869415808,
    0.9965635738831615,
    0.9982817869415808
  ],
  "lr": [
    0.001,
    0.0009997557473810372,
    0.0009990232305719946,
    0.0009978031724785247,
    0.0009960967771506667,
    0.0009939057285945933,
    0.0009912321891107012,
    0.0009880787971596802,
    0.0009844486647586726,
    0.000980345374410087,
    0.0009757729755661012,
    0.0009707359806323418,
    0.0009652393605146846,
    0.0009592885397135708,
    0.0009528893909706799,
    0.0009460482294732424,
    0.0009387718066217127,
    0.0009310673033669524,
    0.0009229423231234977,
    0.0009144048842659084,
    0.0009054634122155993,
    0.0008961267311259671,
    0.000886404055174016,
    0.0008763049794670778,
    0.000865839470573599,
    0.0008550178566873413,
    0.0008438508174347012,
    0.000832349373335208,
    0.0008205248749256018,
    0.0008083889915582238,
    0.0007959536998847747
  ]
}