{
  "train_loss": [
    0.7084856671665368,
    0.3222684860885209,
    0.2552395886746701,
    0.22051927377649136,
    0.19287495239667504,
    0.1596880200574107,
    0.13693125773840087,
    0.11298924468957683,
    0.11974569178125909,
    0.10102726719921047,
    0.09453311069931003,
    0.0826379468969845,
    0.0677353817850712,
    0.06796179180688197,
    0.05861468934858724,
    0.060180229281369346,
    0.04744059417900866,
    0.047059963091519406,
    0.0443794967235774,
    0.03769170391456325,
    0.03623869400409976,
    0.032312823400081715,
    0.03826371426473815,
    0.028840852751754166,
    0.029511305051717427,
    0.024711624217169447,
    0.02535038424207039,
    0.03157365308179058,
    0.03065447504780736,
    0.021500660627014827,
    0.025353915518102604,
    0.019975497285918433,
    0.020776982692749586,
    0.02133921563740086,
    0.01961368633018206,
    0.023585089760022063,
    0.020862288324303754,
    0.018297852319229816,
    0.014296100346824386,
    0.019006618387726666,
    0.018077135223350246,
    0.015155337324695881,
    0.017333797680171015,
    0.013503762836003526,
    0.014744712892772243,
    0.010967511376335283,
    0.014860989807667447,
    0.010778375880790688,
    0.013673316519318109,
    0.01215522253129742,
    0.010886038013204227
  ],
  "train_acc": [
    0.36743674367436746,
    0.6413641364136413,
    0.7502750275027503,
    0.7816281628162817,
    0.8382838283828383,
    0.8723872387238724,
    0.8971397139713971,
    0.918041804180418,
    0.8927392739273927,
    0.9103410341034104,
    0.9246424642464246,
    0.9356435643564357,
    0.9532453245324533,
    0.9482948294829483,
    0.9620462046204621,
    0.9554455445544554,
    0.9713971397139713,
    0.9653465346534653,
    0.9680968096809681,
    0.976897689768977,
    0.9790979097909791,
    0.9790979097909791,
    0.9730473047304731,
    0.982948294829483,
    0.9785478547854786,
    0.9878987898789879,
    0.9823982398239824,
    0.976897689768977,
    0.9790979097909791,
    0.9878987898789879,
    0.9862486248624862,
    0.9851485148514851,
    0.9862486248624862,
    0.9851485148514851,
    0.988998899889989,
    0.9862486248624862,
    0.9867986798679867,
    0.9900990099009901,
    0.9917491749174917,
    0.9856985698569857,
    0.9922992299229924,
    0.9906490649064906,
    0.9895489548954896,
    0.9928492849284929,
    0.9917491749174917,
    0.9955995599559956,
    0.9878987898789879,
    0.9917491749174917,
    0.9895489548954896,
    0.9933993399339934,
    0.9933993399339934
  ],
  "val_loss": [
    0.6040706488582277,
    0.2725466979072266,
    0.24141871515034197,
    0.1980807628815424,
    0.19168653108077155,
    0.0942902471870184,
    0.08568904489515625,
    0.07401337377611816,
    0.23053953834150076,
    0.09491020688047805,
    0.08546613169277144,
    0.14273989324748382,
    0.036586454822449814,
    0.04267202429589415,
    0.0390605670590989,
    0.07740877733310933,
    0.01913004452594687,
    0.060310096756513734,
    0.019582608667293507,
    0.05100725320533338,
    0.015977619949542627,
    0.031916730932960775,
    0.02997610538508231,
    0.037500712174995586,
    0.02811692771728119,
    0.04135946272423017,
    0.18536911640710146,
    0.020470238647874145,
    0.028131687252560156,
    0.04864050585932113,
    0.02527591067928526,
    0.08856205590965988,
    0.026050063478522265,
    0.011887372590682855,
    0.13657917069863984,
    0.007709012877098461,
    0.04277281742711442,
    0.08845406044562833,
    0.0837682690854256,
    0.040053219551198,
    0.020516619851816322,
    0.0152696259354865,
    0.024109998686042865,
    0.013016091326771295,
    0.09803101642990256,
    0.03567094178823197,
    0.01283545458654865,
    0.04869399092581271,
    0.007421583404372394,
    0.011000932086894816,
    0.025161498310618122
  ],
  "val_acc": [
    0.31958762886597936,
    0.7560137457044673,
    0.8109965635738832,
    0.8573883161512027,
    0.8247422680412371,
    0.9673539518900344,
    0.9587628865979382,
    0.9604810996563574,
    0.7628865979381443,
    0.9278350515463918,
    0.9175257731958762,
    0.8917525773195877,
    0.9776632302405498,
    0.9707903780068728,
    0.9725085910652921,
    0.936426116838488,
    0.993127147766323,
    0.9536082474226805,
    0.993127147766323,
    0.9639175257731959,
    0.9879725085910653,
    0.979381443298969,
    0.9759450171821306,
    0.9725085910652921,
    0.9776632302405498,
    0.9673539518900344,
    0.872852233676976,
    0.9879725085910653,
    0.9845360824742269,
    0.9725085910652921,
    0.9896907216494846,
    0.9347079037800687,
    0.9845360824742269,
    0.9948453608247423,
    0.8986254295532646,
    0.9965635738831615,
    0.9725085910652921,
    0.9415807560137457,
    0.9347079037800687,
    0.9707903780068728,
    0.9810996563573883,
    0.9914089347079038,
    0.979381443298969,
    0.993127147766323,
    0.9312714776632303,
    0.9742268041237113,
    0.993127147766323,
    0.9639175257731959,
    0.9965635738831615,
    0.993127147766323,
    0.9879725085910653
  ],
  "lr": [
    0.001,
    0.0009997557473810372,
    0.0009990232305719946,
    0.0009978031724785247,
    0.0009960967771506667,
    0.0009939057285945933,
    0.0009912321891107012,
    0.0009880787971596802,
    0.0009844486647586726,
    0.000980345374410087,
    0.0009757729755661012,
    0.0009707359806323418,
    0.0009652393605146846,
    0.0009592885397135708,
    0.0009528893909706799,
    0.0009460482294732424,
    0.0009387718066217127,
    0.0009310673033669524,
    0.0009229423231234977,
    0.0009144048842659084,
    0.0009054634122155993,
    0.0008961267311259671,
    0.000886404055174016,
    0.0008763049794670778,
    0.000865839470573599,
    0.0008550178566873413,
    0.0008438508174347012,
    0.000832349373335208,
    0.0008205248749256018,
    0.0008083889915582238,
    0.0007959536998847747,
    0.0007832312720368051,
    0.0007702342635146037,
    0.0007569755007964342,
    0.0007434680686803494,
    0.0007297252973710761,
    0.0007157607493247114,
    0.0007015882058642168,
    0.0006872216535789162,
    0.0006726752705214198,
    0.0006579634122155995,
    0.000643100597489419,
    0.0006281014941466035,
    0.000612980904491289,
    0.0005977537507199342,
    0.0005824350601949147,
    0.000567039950614331,
    0.0005515836150926649,
    0.0005360813071670105,
    0.0005205483257436738,
    0.0005050000000000002
  ]
}