{
  "model": "cnn",
  "mode": "multilabel",
  "split": "random",
  "seed": 456,
  "parameters": 44163,
  "epochs_trained": 51,
  "best_val_acc": 0.9965635738831615,
  "best_epoch": 36,
  "test_metrics": {
    "macro_auroc": 0.9999943883277217,
    "per_class_auroc": {
      "Ball": 1.0,
      "IR": 0.999983164983165,
      "OR": 1.0,
      "macro": 0.9999943883277217
    },
    "per_class_metrics": {
      "Ball": {
        "precision": 1.0,
        "recall": 1.0,
        "f1": 1.0,
        "auroc": 1.0
      },
      "IR": {
        "precision": 1.0,
        "recall": 0.9924242424242424,
        "f1": 0.9961977186311787,
        "auroc": 0.999983164983165
      },
      "OR": {
        "precision": 0.9924812030075187,
        "recall": 1.0,
        "f1": 0.9962264150943396,
        "auroc": 1.0
      }
    }
  },
  "noise_robustness": null,
  "kfold_cv": null,
  "timestamp": "2025-12-21T13:01:54.823475"
}