{
  "train_loss": [
    2.051205792705087,
    1.0371460883137416,
    0.7891019562421197,
    0.646321253349023,
    0.5630906773085641,
    0.4756962132073603,
    0.4349771995421159,
    0.3762965171840718,
    0.30969631481747684,
    0.27469502941872287,
    0.2708922922283378,
    0.22445156085084636,
    0.21630601879983846,
    0.21010127899670364,
    0.17445941848067692,
    0.17085790496454775,
    0.14654066171845456,
    0.1440026591336242,
    0.12828213600206165,
    0.1192063707018187,
    0.11567973792225089,
    0.1224460507383441,
    0.10666117509796282,
    0.08497941092771404,
    0.07951219589731219,
    0.0954378005834368,
    0.07246259024532714,
    0.08258363244721074,
    0.06447631960408916,
    0.06620573518004748,
    0.06898127801970418,
    0.0654082418111029,
    0.05680971526273406,
    0.04677369197209676,
    0.04936199049220489,
    0.052209977462182866,
    0.04205768890432989,
    0.03932148850921488,
    0.04032196106165811,
    0.04316263579496062,
    0.03924394842381697,
    0.03942455661383727,
    0.036568749085380166,
    0.033317889421932374,
    0.028460631661354773,
    0.03778682741345746,
    0.02750589163324358,
    0.033729793132990765,
    0.031887987576326715,
    0.03709340986475037,
    0.02774764612169549,
    0.02709835616111493,
    0.031256542197347706,
    0.027145016788862587,
    0.027488144022403377,
    0.028831194332166604,
    0.02331337926149106,
    0.024113042808749496,
    0.019844007438583538
  ],
  "train_acc": [
    0.39383938393839385,
    0.5968096809680968,
    0.7211221122112211,
    0.7821782178217822,
    0.8096809680968097,
    0.8525852585258525,
    0.8635863586358636,
    0.8850385038503851,
    0.9191419141914191,
    0.9257425742574258,
    0.9191419141914191,
    0.9411441144114412,
    0.9383938393839384,
    0.9356435643564357,
    0.9554455445544554,
    0.9554455445544554,
    0.9603960396039604,
    0.9598459845984598,
    0.971947194719472,
    0.9675467546754676,
    0.9653465346534653,
    0.9647964796479648,
    0.9713971397139713,
    0.9796479647964796,
    0.9812981298129813,
    0.9730473047304731,
    0.9840484048404841,
    0.9790979097909791,
    0.9834983498349835,
    0.9818481848184818,
    0.9818481848184818,
    0.9823982398239824,
    0.9867986798679867,
    0.9917491749174917,
    0.9845984598459846,
    0.988998899889989,
    0.9911991199119912,
    0.9928492849284929,
    0.9917491749174917,
    0.9895489548954896,
    0.9911991199119912,
    0.9900990099009901,
    0.9917491749174917,
    0.9928492849284929,
    0.993949394939494,
    0.988998899889989,
    0.995049504950495,
    0.9895489548954896,
    0.9906490649064906,
    0.9906490649064906,
    0.993949394939494,
    0.9933993399339934,
    0.9928492849284929,
    0.9922992299229924,
    0.9928492849284929,
    0.9922992299229924,
    0.9944994499449945,
    0.993949394939494,
    0.9961496149614961
  ],
  "val_loss": [
    2.599581981852292,
    0.9606689259256285,
    0.6153966124294344,
    0.541711245845888,
    0.4251896364236718,
    0.3386776372534303,
    0.324684500284621,
    0.21846482848358115,
    0.2666998703346373,
    0.2395201325416565,
    0.2622342312586881,
    0.1510456486963555,
    0.1889503170764938,
    0.1898888239726629,
    0.1230969198201735,
    0.15678612137360567,
    0.1643357387779095,
    0.1980973400233179,
    0.0805297177580995,
    0.06004588965276941,
    0.21581244446045986,
    0.1200463619127972,
    0.06899483572880503,
    0.05481608615007213,
    0.06142391182747878,
    0.08173614281711339,
    0.10079580243625694,
    0.06414146690519008,
    0.05440179815478271,
    0.02811058565901826,
    0.05588964572494579,
    0.0421203721902346,
    0.05021779138524456,
    0.10818901035476226,
    0.053595315252152304,
    0.059462143968311905,
    0.07259725572920306,
    0.023460007279961694,
    0.07206081237869587,
    0.04931198791208712,
    0.1205725605005804,
    0.04164719890962219,
    0.02732650311237691,
    0.012998596542771695,
    0.02277189687214859,
    0.01399292060615806,
    0.0416115231467605,
    0.021977540929839768,
    0.0172778066349015,
    0.016655804898031375,
    0.014424309386554012,
    0.015094485098781717,
    0.01939425984727274,
    0.014637869352889262,
    0.020205079075622114,
    0.02828616057972154,
    0.023958625562342115,
    0.02518284659644641,
    0.01282358596374339
  ],
  "val_acc": [
    0.31958762886597936,
    0.6701030927835051,
    0.7972508591065293,
    0.8573883161512027,
    0.9226804123711341,
    0.9518900343642611,
    0.9432989690721649,
    0.9725085910652921,
    0.936426116838488,
    0.9501718213058419,
    0.9243986254295533,
    0.9828178694158075,
    0.9604810996563574,
    0.9604810996563574,
    0.9862542955326461,
    0.9553264604810997,
    0.9553264604810997,
    0.9312714776632303,
    0.9914089347079038,
    0.9896907216494846,
    0.9106529209621993,
    0.9621993127147767,
    0.9810996563573883,
    0.9914089347079038,
    0.9914089347079038,
    0.9725085910652921,
    0.9707903780068728,
    0.9776632302405498,
    0.9862542955326461,
    0.9965635738831615,
    0.9845360824742269,
    0.9914089347079038,
    0.9914089347079038,
    0.9553264604810997,
    0.9862542955326461,
    0.9828178694158075,
    0.9759450171821306,
    0.9965635738831615,
    0.9742268041237113,
    0.9862542955326461,
    0.9501718213058419,
    0.9879725085910653,
    0.9948453608247423,
    0.9965635738831615,
    0.9948453608247423,
    0.9965635738831615,
    0.9862542955326461,
    0.993127147766323,
    0.993127147766323,
    0.9965635738831615,
    0.9965635738831615,
    0.9965635738831615,
    0.9948453608247423,
    0.9965635738831615,
    0.9948453608247423,
    0.993127147766323,
    0.9948453608247423,
    0.993127147766323,
    0.9965635738831615
  ],
  "lr": [
    0.001,
    0.0009997557473810372,
    0.0009990232305719946,
    0.0009978031724785247,
    0.0009960967771506667,
    0.0009939057285945933,
    0.0009912321891107012,
    0.0009880787971596802,
    0.0009844486647586726,
    0.000980345374410087,
    0.0009757729755661012,
    0.0009707359806323418,
    0.0009652393605146846,
    0.0009592885397135708,
    0.0009528893909706799,
    0.0009460482294732424,
    0.0009387718066217127,
    0.0009310673033669524,
    0.0009229423231234977,
    0.0009144048842659084,
    0.0009054634122155993,
    0.0008961267311259671,
    0.000886404055174016,
    0.0008763049794670778,
    0.000865839470573599,
    0.0008550178566873413,
    0.0008438508174347012,
    0.000832349373335208,
    0.0008205248749256018,
    0.0008083889915582238,
    0.0007959536998847747,
    0.0007832312720368051,
    0.0007702342635146037,
    0.0007569755007964342,
    0.0007434680686803494,
    0.0007297252973710761,
    0.0007157607493247114,
    0.0007015882058642168,
    0.0006872216535789162,
    0.0006726752705214198,
    0.0006579634122155995,
    0.000643100597489419,
    0.0006281014941466035,
    0.000612980904491289,
    0.0005977537507199342,
    0.0005824350601949147,
    0.000567039950614331,
    0.0005515836150926649,
    0.0005360813071670105,
    0.0005205483257436738,
    0.0005050000000000002,
    0.0004894516742563267,
    0.0004739186928329901,
    0.00045841638490733556,
    0.0004429600493856696,
    0.0004275649398050859,
    0.0004122462492800665,
    0.00039701909550871175,
    0.000381898505853397
  ]
}