{
  "model": "cnn",
  "mode": "10class",
  "split": "random",
  "seed": 456,
  "parameters": 44618,
  "epochs_trained": 59,
  "best_val_acc": 0.9965635738831615,
  "best_epoch": 30,
  "test_metrics": {
    "accuracy": 0.9862542955326461,
    "macro_precision": 0.9835050505050505,
    "macro_recall": 0.9818181818181818,
    "macro_f1": 0.9819293819716399,
    "macro_auroc": 0.9999704291990538,
    "per_class_metrics": {
      "Normal": {
        "precision": 1.0,
        "recall": 1.0,
        "f1": 1.0,
        "support": 186
      },
      "Ball_007": {
        "precision": 0.9777777777777777,
        "recall": 1.0,
        "f1": 0.9887640449438202,
        "support": 44
      },
      "Ball_014": {
        "precision": 1.0,
        "recall": 0.9090909090909091,
        "f1": 0.9523809523809523,
        "support": 44
      },
      "Ball_021": {
        "precision": 1.0,
        "recall": 0.9318181818181818,
        "f1": 0.9647058823529412,
        "support": 44
      },
      "IR_007": {
        "precision": 1.0,
        "recall": 1.0,
        "f1": 1.0,
        "support": 44
      },
      "IR_014": {
        "precision": 0.88,
        "recall": 1.0,
        "f1": 0.9361702127659575,
        "support": 44
      },
      "IR_021": {
        "precision": 1.0,
        "recall": 1.0,
        "f1": 1.0,
        "support": 44
      },
      "OR_007": {
        "precision": 0.9772727272727273,
        "recall": 0.9772727272727273,
        "f1": 0.9772727272727273,
        "support": 44
      },
      "OR_014": {
        "precision": 1.0,
        "recall": 1.0,
        "f1": 1.0,
        "support": 44
      },
      "OR_021": {
        "precision": 1.0,
        "recall": 1.0,
        "f1": 1.0,
        "support": 44
      }
    },
    "confusion_matrix": [
      [
        186,
        0,
        0,
        0,
        0,
        0,
        0,
        0,
        0,
        0
      ],
      [
        0,
        44,
        0,
        0,
        0,
        0,
        0,
        0,
        0,
        0
      ],
      [
        0,
        0,
        40,
        0,
        0,
        4,
        0,
        0,
        0,
        0
      ],
      [
        0,
        1,
        0,
        41,
        0,
        1,
        0,
        1,
        0,
        0
      ],
      [
        0,
        0,
        0,
        0,
        44,
        0,
        0,
        0,
        0,
        0
      ],
      [
        0,
        0,
        0,
        0,
        0,
        44,
        0,
        0,
        0,
        0
      ],
      [
        0,
        0,
        0,
        0,
        0,
        0,
        44,
        0,
        0,
        0
      ],
      [
        0,
        0,
        0,
        0,
        0,
        1,
        0,
        43,
        0,
        0
      ],
      [
        0,
        0,
        0,
        0,
        0,
        0,
        0,
        0,
        44,
        0
      ],
      [
        0,
        0,
        0,
        0,
        0,
        0,
        0,
        0,
        0,
        44
      ]
    ]
  },
  "noise_robustness": null,
  "kfold_cv": null,
  "timestamp": "2025-12-21T13:01:12.828653"
}