{
  "train_loss": [
    1.2635091457954466,
    0.7902282866576587,
    0.3258018134073718,
    0.2396698367379286,
    0.09456654056282744,
    0.07146121270552983,
    0.054325756505213686,
    0.01975206156313518,
    0.019853642532139365,
    0.024810046938418824,
    0.014315155776098732,
    0.010431205198615462,
    0.024600875643322733,
    0.020326586738223674,
    0.011425325865739478,
    0.019280672429782125,
    0.0035427892172046156,
    0.05546256212815189,
    0.02181023853775667,
    0.00842462500170341,
    0.01293068133542141,
    0.005051864615424584,
    0.008228868094700153,
    0.004012640822413444,
    0.0022605856092212818,
    0.0003761594346175352,
    0.0010024575726587264,
    0.0010605824500349653,
    0.0004731869127838506
  ],
  "train_acc": [
    0.5209020902090209,
    0.713971397139714,
    0.8921892189218922,
    0.94004400440044,
    0.9752475247524752,
    0.976897689768977,
    0.9856985698569857,
    0.995049504950495,
    0.995049504950495,
    0.9922992299229924,
    0.9961496149614961,
    0.9966996699669967,
    0.9955995599559956,
    0.9933993399339934,
    0.9966996699669967,
    0.993949394939494,
    0.9988998899889989,
    0.988998899889989,
    0.9955995599559956,
    0.9983498349834984,
    0.9972497249724972,
    0.9988998899889989,
    0.9994499449944995,
    0.9994499449944995,
    0.9994499449944995,
    1.0,
    0.9994499449944995,
    0.9988998899889989,
    1.0
  ],
  "val_loss": [
    2.1027403971558067,
    0.2917060517030657,
    0.09814882081296435,
    0.08256364044096462,
    0.05091781313115046,
    0.0067513852516084,
    0.7930027013041496,
    0.031288306123802685,
    0.30608031659789253,
    0.014137157157968578,
    0.20626908157369003,
    0.23860071204932498,
    0.00999611484133496,
    0.0005610947893534959,
    0.0018633670849286846,
    0.002792673889325982,
    0.004548021508798201,
    0.003953869241812776,
    7.675620981524506e-05,
    6.001678790179887e-06,
    3.377588266530274e-07,
    1.3260327203582718e-05,
    0.0190399544717016,
    0.007435825067182726,
    0.005760269066467792,
    0.004387068993814055,
    0.004260659012942162,
    0.012208206954628435,
    0.011454397459954531
  ],
  "val_acc": [
    0.5257731958762887,
    0.9398625429553265,
    0.9707903780068728,
    0.9759450171821306,
    0.9862542955326461,
    0.9982817869415808,
    0.865979381443299,
    0.9896907216494846,
    0.9123711340206185,
    0.9982817869415808,
    0.9450171821305842,
    0.9381443298969072,
    0.9982817869415808,
    1.0,
    1.0,
    1.0,
    0.9982817869415808,
    0.9982817869415808,
    1.0,
    1.0,
    1.0,
    1.0,
    0.9982817869415808,
    0.9982817869415808,
    0.9982817869415808,
    0.9982817869415808,
    0.9982817869415808,
    0.9982817869415808,
    0.9982817869415808
  ],
  "lr": [
    0.001,
    0.0009997557473810372,
    0.0009990232305719946,
    0.0009978031724785247,
    0.0009960967771506667,
    0.0009939057285945933,
    0.0009912321891107012,
    0.0009880787971596802,
    0.0009844486647586726,
    0.000980345374410087,
    0.0009757729755661012,
    0.0009707359806323418,
    0.0009652393605146846,
    0.0009592885397135708,
    0.0009528893909706799,
    0.0009460482294732424,
    0.0009387718066217127,
    0.0009310673033669524,
    0.0009229423231234977,
    0.0009144048842659084,
    0.0009054634122155993,
    0.0008961267311259671,
    0.000886404055174016,
    0.0008763049794670778,
    0.000865839470573599,
    0.0008550178566873413,
    0.0008438508174347012,
    0.000832349373335208,
    0.0008205248749256018
  ]
}