{
  "train_loss": [
    0.663049380115681,
    0.32522882057232955,
    0.2758047808580535,
    0.23080364927010175,
    0.2054054058588246,
    0.1871994413164976,
    0.17088576252966692,
    0.14478668535273723,
    0.12132193677627345,
    0.11195339954266585,
    0.10614968075676195,
    0.09828853590784818,
    0.07343411035384938,
    0.07726290361388158,
    0.07351708425284743,
    0.06628366977763255,
    0.05496109516961281,
    0.06006326837663931,
    0.056558682826092534,
    0.05396555838706863,
    0.044331934766145165,
    0.04760967739073947,
    0.04152028045409059,
    0.04235876858136048,
    0.03971949458835345,
    0.03462700956020549,
    0.031905129957612195,
    0.036688134063965545,
    0.03736583853490872,
    0.02637890799686198,
    0.02673434338873566,
    0.028767719868943505,
    0.023023958260560258,
    0.024931774830201803,
    0.023901257878097697,
    0.026139856102016763,
    0.02255334534628032,
    0.021898981075164248,
    0.02023513367393426,
    0.020240959819975923,
    0.019651790054226077,
    0.02272050788808446,
    0.02154818282752606,
    0.021579888730224865,
    0.019332474665214257,
    0.02197315888141248,
    0.016105640308708116,
    0.013373242688085577,
    0.013939543558813312,
    0.017053684113164023,
    0.01528863361304087,
    0.013356366179160143,
    0.010807823351859982,
    0.01452182538036925,
    0.010442690379770086,
    0.015853565017210178,
    0.01197553709317388,
    0.014530427411723189,
    0.012921489980092274,
    0.011646691347063571,
    0.014401374993347886,
    0.013481784313281935,
    0.010188753312843983,
    0.00997568874740799,
    0.012004780483701573,
    0.010690812423120368,
    0.009964181626127465,
    0.013231378544544098,
    0.01022979631206498,
    0.008855723826126559,
    0.011062838627912751,
    0.009538727737676323,
    0.007301916904149145,
    0.008269989230886217,
    0.008447819376083621
  ],
  "train_acc": [
    0.35973597359735976,
    0.5775577557755776,
    0.6628162816281629,
    0.7370737073707371,
    0.7794279427942794,
    0.8151815181518152,
    0.8426842684268426,
    0.8646864686468647,
    0.8927392739273927,
    0.9026402640264026,
    0.9103410341034104,
    0.918041804180418,
    0.9427942794279428,
    0.9334433443344334,
    0.9345434543454345,
    0.9444444444444444,
    0.9543454345434543,
    0.9433443344334433,
    0.9548954895489549,
    0.9581958195819582,
    0.9642464246424642,
    0.9642464246424642,
    0.9702970297029703,
    0.9653465346534653,
    0.9708470847084708,
    0.9763476347634763,
    0.9774477447744775,
    0.9741474147414741,
    0.9691969196919692,
    0.9796479647964796,
    0.9790979097909791,
    0.9801980198019802,
    0.9873487348734874,
    0.9823982398239824,
    0.9796479647964796,
    0.9807480748074807,
    0.982948294829483,
    0.9834983498349835,
    0.9867986798679867,
    0.9807480748074807,
    0.9900990099009901,
    0.9818481848184818,
    0.9840484048404841,
    0.9812981298129813,
    0.9862486248624862,
    0.9812981298129813,
    0.9911991199119912,
    0.9895489548954896,
    0.9917491749174917,
    0.9851485148514851,
    0.9906490649064906,
    0.9900990099009901,
    0.9933993399339934,
    0.9906490649064906,
    0.9944994499449945,
    0.9906490649064906,
    0.9900990099009901,
    0.988998899889989,
    0.993949394939494,
    0.9944994499449945,
    0.9911991199119912,
    0.9917491749174917,
    0.995049504950495,
    0.9933993399339934,
    0.9906490649064906,
    0.9944994499449945,
    0.9933993399339934,
    0.9906490649064906,
    0.9933993399339934,
    0.9961496149614961,
    0.9928492849284929,
    0.993949394939494,
    0.9972497249724972,
    0.995049504950495,
    0.9961496149614961
  ],
  "val_loss": [
    0.8519855322655534,
    0.3120729192784152,
    0.24704155063455047,
    0.17870375696774507,
    0.21088161436629663,
    0.16641001344123965,
    0.14054574709564857,
    0.11829098198991717,
    0.09309358658873927,
    0.23150813759503008,
    0.052755361309281434,
    0.041453744023574254,
    0.08690344556006747,
    0.09891216790974076,
    0.0497562978930749,
    0.03374077962100173,
    0.19357601901107466,
    0.02973300507500179,
    0.057254684280385694,
    0.039987631754219995,
    0.01927401509779146,
    0.027520525508616847,
    0.019803648527121152,
    0.02623021346796944,
    0.01601414922583821,
    0.00995723928102449,
    0.02027024035907612,
    0.017135301287075157,
    0.017765105670703857,
    0.035760106323688944,
    0.007896029698685263,
    0.013982529700387176,
    0.019453289761305812,
    0.06070044048251428,
    0.029597861550315692,
    0.008229825850149607,
    0.01075795523894717,
    0.012547041117135655,
    0.015093522791966657,
    0.007756845783579277,
    0.00580732470768556,
    0.004814283403146314,
    0.013157416717836908,
    0.019717457428034692,
    0.0218272172708557,
    0.01182420608875026,
    0.0041365352376628505,
    0.007900042957940575,
    0.005476766674344998,
    0.007457363125721123,
    0.0044069286660922136,
    0.012116027561043035,
    0.00549785608362078,
    0.006496757774828476,
    0.005495244452919946,
    0.00515831282553467,
    0.012021038837176711,
    0.008799210352475542,
    0.016172371938803727,
    0.0025641518806434785,
    0.016556818694224013,
    0.008975282364246464,
    0.009285598292971719,
    0.0033018659946360287,
    0.006238705470370024,
    0.013417496883151707,
    0.0027129264720587316,
    0.009263247464691803,
    0.005872725667731115,
    0.003438229597507125,
    0.00337157503610822,
    0.011936346239360109,
    0.0038837898323795515,
    0.00571590139340024,
    0.006690146830584139
  ],
  "val_acc": [
    0.31958762886597936,
    0.4209621993127148,
    0.6993127147766323,
    0.8127147766323024,
    0.6855670103092784,
    0.8006872852233677,
    0.8848797250859106,
    0.9123711340206185,
    0.936426116838488,
    0.7800687285223368,
    0.9690721649484536,
    0.979381443298969,
    0.9175257731958762,
    0.8865979381443299,
    0.9673539518900344,
    0.9776632302405498,
    0.7920962199312714,
    0.9879725085910653,
    0.9536082474226805,
    0.9656357388316151,
    0.993127147766323,
    0.9776632302405498,
    0.9896907216494846,
    0.9776632302405498,
    0.9845360824742269,
    0.9965635738831615,
    0.9879725085910653,
    0.9879725085910653,
    0.9879725085910653,
    0.9707903780068728,
    0.9965635738831615,
    0.9896907216494846,
    0.9845360824742269,
    0.9467353951890034,
    0.9776632302405498,
    0.9948453608247423,
    0.9948453608247423,
    0.9896907216494846,
    0.9896907216494846,
    0.993127147766323,
    0.9948453608247423,
    0.9982817869415808,
    0.9862542955326461,
    0.9845360824742269,
    0.9828178694158075,
    0.9896907216494846,
    0.9965635738831615,
    0.9948453608247423,
    0.9965635738831615,
    0.9965635738831615,
    0.9965635738831615,
    0.9914089347079038,
    0.9965635738831615,
    0.993127147766323,
    0.9965635738831615,
    0.9965635738831615,
    0.9879725085910653,
    0.993127147766323,
    0.9879725085910653,
    0.9982817869415808,
    0.9862542955326461,
    0.9914089347079038,
    0.9896907216494846,
    0.9965635738831615,
    0.9948453608247423,
    0.9862542955326461,
    0.9982817869415808,
    0.9896907216494846,
    0.9965635738831615,
    0.9965635738831615,
    0.9965635738831615,
    0.9879725085910653,
    0.9965635738831615,
    0.9965635738831615,
    0.993127147766323
  ],