{
  "train_loss": [
    0.33739082259510217,
    0.05686624583197047,
    0.016918303793074914,
    0.01341947760536439,
    0.0027652402501655753,
    0.0024740430372671737,
    0.0007317578525060114,
    0.003933040139433962,
    0.011929496131335319,
    0.000869987404170652,
    0.0006120770968465038,
    0.0005597894552472236,
    0.00019147168324799358,
    0.00012309160435163596,
    0.00022554349709793118,
    0.0005877961000743919,
    0.0003680793028166036,
    0.0001778384090323558,
    0.00015141807517274472,
    4.712445156926178e-05
  ],
  "train_acc": [
    0.6386138613861386,
    0.9587458745874587,
    0.9845984598459846,
    0.9906490649064906,
    0.9983498349834984,
    0.9983498349834984,
    0.9994499449944995,
    0.9977997799779978,
    0.993949394939494,
    0.9994499449944995,
    1.0,
    0.9994499449944995,
    1.0,
    1.0,
    1.0,
    0.9994499449944995,
    1.0,
    1.0,
    1.0,
    1.0
  ],
  "val_loss": [
    0.13080971712995434,
    0.020846066847102725,
    0.004589735663494807,
    0.002012319966329227,
    0.00011346789578090284,
    0.0005079431197819251,
    0.0008160564107090718,
    7.634018646164267e-05,
    0.001807815973094127,
    0.0002827153622923706,
    0.00014134227089354458,
    0.001127604462192949,
    0.0006454211404754934,
    0.00025987051869816926,
    0.0007739888107686728,
    0.0019393541271368663,
    0.003573220486193404,
    0.004997482161996765,
    0.002299799309210837,
    0.0016474467898732216
  ],
  "val_acc": [
    0.9347079037800687,
    0.9862542955326461,
    0.993127147766323,
    0.9982817869415808,
    1.0,
    1.0,
    0.9982817869415808,
    1.0,
    0.9982817869415808,
    1.0,
    1.0,
    0.9982817869415808,
    0.9982817869415808,
    1.0,
    0.9982817869415808,
    0.9982817869415808,
    0.9982817869415808,
    0.9982817869415808,
    0.9982817869415808,
    0.9982817869415808
  ],
  "lr": [
    0.001,
    0.0009997557473810372,
    0.0009990232305719946,
    0.0009978031724785247,
    0.0009960967771506667,
    0.0009939057285945933,
    0.0009912321891107012,
    0.0009880787971596802,
    0.0009844486647586726,
    0.000980345374410087,
    0.0009757729755661012,
    0.0009707359806323418,
    0.0009652393605146846,
    0.0009592885397135708,
    0.0009528893909706799,
    0.0009460482294732424,
    0.0009387718066217127,
    0.0009310673033669524,
    0.0009229423231234977,
    0.0009144048842659084
  ]
}