{
  "model": "lstm",
  "mode": "multilabel",
  "split": "random",
  "seed": 42,
  "parameters": 631875,
  "epochs_trained": 20,
  "best_val_acc": 1.0,
  "best_epoch": 5,
  "test_metrics": {
    "macro_auroc": 0.999949494949495,
    "per_class_auroc": {
      "Ball": 0.9999494949494949,
      "IR": 1.0,
      "OR": 0.99989898989899,
      "macro": 0.999949494949495
    },
    "per_class_metrics": {
      "Ball": {
        "precision": 0.9924242424242424,
        "recall": 0.9924242424242424,
        "f1": 0.9924242424242424,
        "auroc": 0.9999494949494949
      },
      "IR": {
        "precision": 1.0,
        "recall": 1.0,
        "f1": 1.0,
        "auroc": 1.0
      },
      "OR": {
        "precision": 1.0,
        "recall": 0.9924242424242424,
        "f1": 0.9961977186311787,
        "auroc": 0.99989898989899
      }
    }
  },
  "noise_robustness": null,
  "kfold_cv": null,
  "timestamp": "2025-12-21T13:08:28.075723"
}