{
  "train_loss": [
    0.3395210433344313,
    0.0903018912328311,
    0.03716748707670426,
    0.02694749032958279,
    0.015271066602748327,
    0.010788525795424263,
    0.009605544263468003,
    0.008671500078534644,
    0.007132279679202443,
    0.00652779072596601,
    0.005259452819695622,
    0.00622911005709903,
    0.004174555807099857,
    0.004178899634410758,
    0.004439417660552254,
    0.0038627812297006366,
    0.003778680326943245,
    0.003570684033109739
  ],
  "train_acc": [
    0.7024194791185082,
    0.9323470488519032,
    0.9781168130682694,
    0.9825859146247495,
    0.9921405455386038,
    0.9938357219910618,
    0.9942980428417322,
    0.9953767914932964,
    0.9953767914932964,
    0.9959932192941902,
    0.9976883957466481,
    0.9964555401448605,
    0.9984589304977655,
    0.998304823547542,
    0.9972260748959778,
    0.9981507165973186,
    0.9978425026968716,
    0.9989212513484358
  ],
  "val_loss": [
    0.0,
    0.0,
    0.0,
    0.0,
    0.0,
    0.0,
    0.0,
    0.0,
    0.0,
    0.0,
    0.0,
    0.0,
    0.0,
    0.0,
    0.0,
    0.0,
    0.0,
    0.0
  ],
  "val_acc": [
    0.0,
    0.0,
    0.0,
    0.0,
    0.0,
    0.0,
    0.0,
    0.0,
    0.0,
    0.0,
    0.0,
    0.0,
    0.0,
    0.0,
    0.0,
    0.0,
    0.0,
    0.0
  ],
  "lr": [
    0.001,
    0.000992479837741043,
    0.0009701478472890247,
    0.0009336825748732972,
    0.000884191999343894,
    0.0008231798667948368,
    0.0007524999999999998,
    0.0006742999709462059,
    0.0005909558479451303,
    0.0005049999999999998,
    0.00041904415205486933,
    0.000335700029053794,
    0.0002575,
    0.00018682013320516294,
    0.0001258080006561059,
    7.631742512670293e-05,
    3.985215271097538e-05,
    1.752016225895703e-05
  ]
}