{
  "model": "cnn",
  "mode": "multilabel",
  "split": "fault_size_all_loads",
  "seed": 1024,
  "parameters": 44163,
  "epochs_trained": 18,
  "best_val_acc": 0.9989212513484358,
  "best_epoch": 18,
  "test_metrics": {
    "macro_auroc": 0.7905234530861648,
    "per_class_auroc": {
      "Ball": 0.9093801909549191,
      "IR": 0.9391889249540495,
      "OR": 0.5230012433495257,
      "macro": 0.7905234530861648
    },
    "per_class_metrics": {
      "Ball": {
        "precision": 0.5253827558420628,
        "recall": 0.924822695035461,
        "f1": 0.6700924974306269,
        "auroc": 0.9093801909549191
      },
      "IR": {
        "precision": 0.8029739776951673,
        "recall": 0.6153846153846154,
        "f1": 0.6967741935483871,
        "auroc": 0.9391889249540495
      },
      "OR": {
        "precision": 0.02631578947368421,
        "recall": 0.004261363636363636,
        "f1": 0.007334963325183374,
        "auroc": 0.5230012433495257
      }
    }
  },
  "noise_robustness": null,
  "kfold_cv": {
    "fold_results": [
      {
        "fold": 1,
        "best_val_acc": 0.9990753582986592,
        "best_epoch": 16,
        "epochs_trained": 31,
        "final_val_loss": 0.0029579451279325097
      },
      {
        "fold": 2,
        "best_val_acc": 1.0,
        "best_epoch": 18,
        "epochs_trained": 26,
        "final_val_loss": 0.0010269345082935086
      },
      {
        "fold": 3,
        "best_val_acc": 1.0,
        "best_epoch": 20,
        "epochs_trained": 31,
        "final_val_loss": 0.015275784055083126
      }
    ],
    "mean_val_acc": 0.999691786099553,
    "std_val_acc": 0.00043588027812394855,
    "mean_best_epoch": 18.0,
    "median_best_epoch": 18,
    "optimal_epochs": 18,
    "n_folds": 3
  },
  "timestamp": "2025-12-21T13:04:52.994821"
}