{
  "train_loss": [
    0.3838558570288195,
    0.1577069034146266,
    0.0640097147486981,
    0.01843667857152204,
    0.01852252192352668,
    0.015998972342907973,
    0.018906626774549355,
    0.012603555315730496,
    0.0027478591756716145,
    0.018380457428774095,
    0.007546236147393029,
    0.0030391421970918753,
    0.0019025798238725764,
    0.005794573739219438,
    0.003655318831833468,
    0.0023607961201517276,
    0.026966721746115294,
    0.008625892237877951,
    0.0035210075006338625,
    0.0021773613110074915,
    0.009290714990847736,
    0.0007592332818419508,
    0.0007667928253391033,
    0.0006957969077241717
  ],
  "train_acc": [
    0.5764576457645765,
    0.8685368536853685,
    0.9510451045104511,
    0.9862486248624862,
    0.9884488448844885,
    0.9906490649064906,
    0.9895489548954896,
    0.9911991199119912,
    0.9983498349834984,
    0.9928492849284929,
    0.9977997799779978,
    0.9983498349834984,
    0.9988998899889989,
    0.9988998899889989,
    0.9966996699669967,
    0.9977997799779978,
    0.993949394939494,
    0.9972497249724972,
    0.9966996699669967,
    0.9988998899889989,
    0.995049504950495,
    1.0,
    0.9994499449944995,
    0.9994499449944995
  ],
  "val_loss": [
    0.5994242971948639,
    0.03953023296095544,
    0.018441980785776642,
    0.007939121712684653,
    0.004583699888188208,
    0.015172055736751245,
    0.016513182450113795,
    0.004079218570535565,
    0.0006161170024932979,
    0.015740213580820835,
    0.002761116505450715,
    0.01313105403991199,
    0.005995030005711177,
    0.008965466232680215,
    0.009347097529926306,
    2.4682106043945653e-05,
    0.0001518852884691294,
    8.241017347542258e-05,
    0.00013314508788861643,
    0.0001768985201884175,
    0.0014517308937007406,
    0.00011359507950150488,
    1.1553164390410265e-05,
    1.477424882829334e-05
  ],
  "val_acc": [
    0.5463917525773195,
    0.9828178694158075,
    0.9896907216494846,
    0.9948453608247423,
    0.9982817869415808,
    0.9965635738831615,
    0.9948453608247423,
    0.9982817869415808,
    1.0,
    0.9982817869415808,
    0.9982817869415808,
    0.9965635738831615,
    0.9965635738831615,
    0.9982817869415808,
    0.9982817869415808,
    1.0,
    1.0,
    1.0,
    1.0,
    1.0,
    0.9982817869415808,
    1.0,
    1.0,
    1.0
  ],
  "lr": [
    0.001,
    0.0009997557473810372,
    0.0009990232305719946,
    0.0009978031724785247,
    0.0009960967771506667,
    0.0009939057285945933,
    0.0009912321891107012,
    0.0009880787971596802,
    0.0009844486647586726,
    0.000980345374410087,
    0.0009757729755661012,
    0.0009707359806323418,
    0.0009652393605146846,
    0.0009592885397135708,
    0.0009528893909706799,
    0.0009460482294732424,
    0.0009387718066217127,
    0.0009310673033669524,
    0.0009229423231234977,
    0.0009144048842659084,
    0.0009054634122155993,
    0.0008961267311259671,
    0.000886404055174016,
    0.0008763049794670778
  ]
}