{
  "train_loss": [
    0.10732647182435842,
    0.0005194583520651789,
    0.00015813247867153604,
    0.00016325143863234754,
    0.004875704529486726,
    0.0038823180830840783,
    0.00030322618744360445,
    2.8223126705364314e-05,
    2.8543216840915318e-05,
    1.7203596772272496e-05
  ],
  "train_acc": [
    0.9566959469872092,
    0.9996917860995531,
    1.0,
    0.9998458930497766,
    0.9993835721991062,
    0.9990753582986592,
    0.9998458930497766,
    1.0,
    1.0,
    1.0
  ],
  "val_loss": [
    0.0,
    0.0,
    0.0,
    0.0,
    0.0,
    0.0,
    0.0,
    0.0,
    0.0,
    0.0
  ],
  "val_acc": [
    0.0,
    0.0,
    0.0,
    0.0,
    0.0,
    0.0,
    0.0,
    0.0,
    0.0,
    0.0
  ],
  "lr": [
    0.001,
    0.0009757729755661011,
    0.000905463412215599,
    0.0007959536998847742,
    0.000657963412215599,
    0.000505,
    0.0003520365877844011,
    0.00021404630011522585,
    0.00010453658778440107,
    3.4227024433899005e-05
  ]
}