{
  "train_loss": [
    1.0178222869357916,
    0.4287663653935536,
    0.34717785715401106,
    0.28395132404087137,
    0.24776060317773105,
    0.18887398996860674,
    0.1794662702709797,
    0.14873102406496785,
    0.10436194467515049,
    0.09877488969920492,
    0.09970269118598586,
    0.08462241372325108,
    0.07648607251225131,
    0.06508933901950734,
    0.05682114547177969,
    0.053835324854953716,
    0.07153431382091723,
    0.050310587562719,
    0.05168673822326367,
    0.049368437908270175,
    0.04082027014562137,
    0.04366084408400246,
    0.04429953401074289,
    0.026964940540533517,
    0.03146865451657208,
    0.023664902233825003,
    0.02211774780022593,
    0.022587778251638636,
    0.02450679581944305,
    0.020303755892057494,
    0.020512535586149912,
    0.016499086135611084,
    0.018822593552473323,
    0.015929874905658635,
    0.013542446572429883,
    0.019952431410536726,
    0.018027160105134624,
    0.018956366171332936,
    0.012332865604628759,
    0.012164507429827541,
    0.0158860261528471,
    0.010040444514547178,
    0.013768267547568292,
    0.01380876513716444,
    0.010841240157650905,
    0.017275263097370812,
    0.011807367560116633,
    0.013673812809745537,
    0.0077583733351841745,
    0.010563324278320942,
    0.019175788397901784,
    0.007821609918617236,
    0.006833624568582401,
    0.006806198531112196,
    0.007970261637006688,
    0.007592007659139507,
    0.007024809699049639,
    0.008787256421683187,
    0.005201103643061361,
    0.004808917053031547,
    0.006209452910609011,
    0.004364899940311302,
    0.011868445493682513
  ],
  "train_acc": [
    0.6270627062706271,
    0.8124312431243125,
    0.8679867986798679,
    0.8982398239823982,
    0.9174917491749175,
    0.9427942794279428,
    0.9389438943894389,
    0.9477447744774478,
    0.9713971397139713,
    0.9724972497249725,
    0.9686468646864687,
    0.971947194719472,
    0.9774477447744775,
    0.9801980198019802,
    0.9856985698569857,
    0.9856985698569857,
    0.9818481848184818,
    0.9867986798679867,
    0.9834983498349835,
    0.9818481848184818,
    0.9856985698569857,
    0.9873487348734874,
    0.9845984598459846,
    0.9928492849284929,
    0.9900990099009901,
    0.9906490649064906,
    0.995049504950495,
    0.9944994499449945,
    0.9933993399339934,
    0.993949394939494,
    0.9933993399339934,
    0.9966996699669967,
    0.993949394939494,
    0.9961496149614961,
    0.9961496149614961,
    0.9955995599559956,
    0.995049504950495,
    0.9955995599559956,
    0.9972497249724972,
    0.9955995599559956,
    0.9966996699669967,
    0.9966996699669967,
    0.9972497249724972,
    0.9955995599559956,
    0.9972497249724972,
    0.9955995599559956,
    0.9977997799779978,
    0.9961496149614961,
    0.9983498349834984,
    0.9966996699669967,
    0.995049504950495,
    0.9983498349834984,
    0.9983498349834984,
    0.9988998899889989,
    0.9988998899889989,
    0.9988998899889989,
    0.9983498349834984,
    0.9966996699669967,
    0.9994499449944995,
    1.0,
    0.9977997799779978,
    1.0,
    0.9966996699669967
  ],
  "val_loss": [
    5.940393190165258,
    0.50154814189796,
    0.24689987980795838,
    0.24197624468034984,
    0.11329308587456077,
    0.463819492267964,
    0.06795124669780929,
    0.10887649563670036,
    0.06076195386069849,
    0.033593080299090826,
    0.09092911822071639,
    0.027626678859433075,
    0.16333997434578554,
    0.04856921420181782,
    0.07723850476205117,
    0.0819095366820814,
    0.050834438329431415,
    0.06261891128390579,
    0.008356583214700765,
    0.016900643972034033,
    0.2679860215261756,
    0.014643332542292132,
    0.005635691256079663,
    0.015495870030351045,
    0.024978292721809722,
    0.020397347916932873,
    0.003896248350688544,
    0.003952088182734966,
    0.03491574496847772,
    0.008486853600192159,
    0.035763262555038935,
    0.018515028241895937,
    0.004845583152202658,
    0.002690486866448818,
    0.0075578163675979635,
    0.028947908963357482,
    0.019650713938262863,
    0.04227657467358833,
    0.0031800084429772393,
    0.009936109390029703,
    0.0667156125242815,
    0.003935037366192486,
    0.015682920418248886,
    0.004051218983607252,
    0.31095770667119055,
    0.012585101954002881,
    0.01780001911465769,
    0.0014676237065796931,
    0.011936022029128524,
    0.00081975476893697,
    0.01365007364864723,
    0.0009591312074691851,
    0.0034390612394520244,
    0.007856815646533805,
    0.002264096628699205,
    0.0026168666000414113,
    0.004434276062153069,
    0.013125180677250782,
    0.003222260520949638,
    0.0022253329396817565,
    0.008439375867720719,
    0.009821371841435986,
    0.002439451159879076
  ],
  "val_acc": [
    0.31958762886597936,
    0.7542955326460481,
    0.9192439862542955,
    0.9192439862542955,
    0.9759450171821306,
    0.7731958762886598,
    0.9896907216494846,
    0.9725085910652921,
    0.9914089347079038,
    0.9982817869415808,
    0.9639175257731959,
    0.9948453608247423,
    0.9278350515463918,
    0.9862542955326461,
    0.9690721649484536,
    0.9759450171821306,
    0.9828178694158075,
    0.9845360824742269,
    0.9982817869415808,
    0.9948453608247423,
    0.9054982817869416,
    0.9965635738831615,
    1.0,
    0.9982817869415808,
    0.993127147766323,
    0.9914089347079038,
    0.9982817869415808,
    1.0,
    0.9879725085910653,
    0.9965635738831615,
    0.993127147766323,
    0.993127147766323,
    0.9982817869415808,
    0.9982817869415808,
    1.0,
    0.9914089347079038,
    0.9965635738831615,
    0.9896907216494846,
    1.0,
    0.9965635738831615,
    0.979381443298969,
    0.9965635738831615,
    0.9948453608247423,
    0.9965635738831615,
    0.9003436426116839,
    0.9965635738831615,
    0.9965635738831615,
    1.0,
    0.9965635738831615,
    1.0,
    0.9965635738831615,
    1.0,
    0.9982817869415808,
    0.9965635738831615,
    1.0,
    0.9982817869415808,
    0.9982817869415808,
    0.9965635738831615,
    0.9965635738831615,
    1.0,
    0.9965635738831615,
    0.9965635738831615,
    1.0
  ],
  "lr": [
    0.001,
    0.0009997557473810372,
    0.0009990232305719946,
    0.0009978031724785247,
    0.0009960967771506667,
    0.0009939057285945933,
    0.0009912321891107012,
    0.0009880787971596802,
    0.0009844486647586726,
    0.000980345374410087,
    0.0009757729755661012,
    0.0009707359806323418,
    0.0009652393605146846,
    0.0009592885397135708,
    0.0009528893909706799,
    0.0009460482294732424,
    0.0009387718066217127,
    0.0009310673033669524,
    0.0009229423231234977,
    0.0009144048842659084,
    0.0009054634122155993,
    0.0008961267311259671,
    0.000886404055174016,
    0.0008763049794670778,
    0.000865839470573599,
    0.0008550178566873413,
    0.0008438508174347012,
    0.000832349373335208,
    0.0008205248749256018,
    0.0008083889915582238,
    0.0007959536998847747,
    0.0007832312720368051,
    0.0007702342635146037,
    0.0007569755007964342,
    0.0007434680686803494,
    0.0007297252973710761,
    0.0007157607493247114,
    0.0007015882058642168,
    0.0006872216535789162,
    0.0006726752705214198,
    0.0006579634122155995,
    0.000643100597489419,
    0.0006281014941466035,
    0.000612980904491289,
    0.0005977537507199342,
    0.0005824350601949147,
    0.000567039950614331,
    0.0005515836150926649,
    0.0005360813071670105,
    0.0005205483257436738,
    0.0005050000000000002,
    0.0004894516742563267,
    0.0004739186928329901,
    0.00045841638490733556,
    0.0004429600493856696,
    0.0004275649398050859,
    0.0004122462492800665,
    0.00039701909550871175,
    0.000381898505853397,
    0.00036689940251058173,
    0.00035203658778440135,
    0.00033732472947858096,
    0.0003227783464210847
  ]
}