{
  "train_loss": [
    0.09689515952019377,
    0.013195116208296146,
    0.0036570285021933534,
    0.00423610140348841,
    0.0020189369123508587,
    0.0010153826857396703,
    0.0005674591108346951,
    0.00035134858599496026,
    0.0004239330028406282,
    0.0002273694182332263
  ],
  "train_acc": [
    0.9063029742641393,
    0.9942980428417322,
    0.9976883957466481,
    0.9981507165973186,
    0.9987671443982123,
    0.9990753582986592,
    0.9998458930497766,
    0.9998458930497766,
    0.9996917860995531,
    1.0
  ],
  "val_loss": [
    0.0,
    0.0,
    0.0,
    0.0,
    0.0,
    0.0,
    0.0,
    0.0,
    0.0,
    0.0
  ],
  "val_acc": [
    0.0,
    0.0,
    0.0,
    0.0,
    0.0,
    0.0,
    0.0,
    0.0,
    0.0,
    0.0
  ],
  "lr": [
    0.001,
    0.0009757729755661011,
    0.000905463412215599,
    0.0007959536998847742,
    0.000657963412215599,
    0.000505,
    0.0003520365877844011,
    0.00021404630011522585,
    0.00010453658778440107,
    3.4227024433899005e-05
  ]
}