{
  "model": "cnnlstm",
  "mode": "multilabel",
  "split": "fault_size_all_loads",
  "seed": 789,
  "parameters": 711811,
  "epochs_trained": 10,
  "best_val_acc": 1.0,
  "best_epoch": 10,
  "test_metrics": {
    "macro_auroc": 0.8116948204844262,
    "per_class_auroc": {
      "Ball": 0.7789447646285623,
      "IR": 0.9930368168802333,
      "OR": 0.663102879944483,
      "macro": 0.8116948204844262
    },
    "per_class_metrics": {
      "Ball": {
        "precision": 0.4367167919799499,
        "recall": 0.9886524822695035,
        "f1": 0.6058235549760973,
        "auroc": 0.7789447646285623
      },
      "IR": {
        "precision": 0.9848197343453511,
        "recall": 0.7393162393162394,
        "f1": 0.8445890968266884,
        "auroc": 0.9930368168802333
      },
      "OR": {
        "precision": 0.0,
        "recall": 0.0,
        "f1": 0.0,
        "auroc": 0.663102879944483
      }
    }
  },
  "noise_robustness": null,
  "kfold_cv": {
    "fold_results": [
      {
        "fold": 1,
        "best_val_acc": 1.0,
        "best_epoch": 7,
        "epochs_trained": 18,
        "final_val_loss": 0.0007387975984955653
      },
      {
        "fold": 2,
        "best_val_acc": 1.0,
        "best_epoch": 2,
        "epochs_trained": 17,
        "final_val_loss": 3.30122262277283e-10
      },
      {
        "fold": 3,
        "best_val_acc": 1.0,
        "best_epoch": 3,
        "epochs_trained": 18,
        "final_val_loss": 7.328218029764015e-10
      }
    ],
    "mean_val_acc": 1.0,
    "std_val_acc": 0.0,
    "mean_best_epoch": 4.0,
    "median_best_epoch": 3,
    "optimal_epochs": 10,
    "n_folds": 3
  },
  "timestamp": "2025-12-21T13:17:46.618575"
}