{
  "train_loss": [
    0.11417759140516806,
    0.004545152845797482,
    0.007911149687502473,
    0.00027099451801094066,
    0.0001567865955427267,
    0.00011474531245442389,
    0.00010661408374974568,
    6.528401813224653e-05,
    2.8616500817739684e-05,
    3.766192136660113e-05
  ],
  "train_acc": [
    0.9534597010325165,
    0.9986130374479889,
    0.9989212513484358,
    1.0,
    1.0,
    1.0,
    1.0,
    1.0,
    1.0,
    1.0
  ],
  "val_loss": [
    0.0,
    0.0,
    0.0,
    0.0,
    0.0,
    0.0,
    0.0,
    0.0,
    0.0,
    0.0
  ],
  "val_acc": [
    0.0,
    0.0,
    0.0,
    0.0,
    0.0,
    0.0,
    0.0,
    0.0,
    0.0,
    0.0
  ],
  "lr": [
    0.001,
    0.0009757729755661011,
    0.000905463412215599,
    0.0007959536998847742,
    0.000657963412215599,
    0.000505,
    0.0003520365877844011,
    0.00021404630011522585,
    0.00010453658778440107,
    3.4227024433899005e-05
  ]
}