{
  "model": "lstm",
  "mode": "4class",
  "split": "fault_size_all_loads",
  "seed": 789,
  "parameters": 631940,
  "epochs_trained": 10,
  "best_val_acc": 1.0,
  "best_epoch": 9,
  "test_metrics": {
    "accuracy": 0.5159235668789809,
    "macro_precision": 0.5816160096886354,
    "macro_recall": 0.5406195065769533,
    "macro_f1": 0.453218268856497,
    "macro_auroc": 0.7241479891846432,
    "per_class_metrics": {
      "Normal": {
        "precision": 0.9755244755244755,
        "recall": 1.0,
        "f1": 0.9876106194690265,
        "support": 558
      },
      "Ball": {
        "precision": 0.35093956323006603,
        "recall": 0.9801418439716312,
        "f1": 0.5168287210172027,
        "support": 705
      },
      "IR": {
        "precision": 1.0,
        "recall": 0.18233618233618235,
        "f1": 0.30843373493975906,
        "support": 702
      },
      "OR": {
        "precision": 0.0,
        "recall": 0.0,
        "f1": 0.0,
        "support": 704
      }
    },
    "confusion_matrix": [
      [
        558,
        0,
        0,
        0
      ],
      [
        14,
        691,
        0,
        0
      ],
      [
        0,
        574,
        128,
        0
      ],
      [
        0,
        704,
        0,
        0
      ]
    ]
  },
  "noise_robustness": null,
  "kfold_cv": {
    "fold_results": [
      {
        "fold": 1,
        "best_val_acc": 1.0,
        "best_epoch": 3,
        "epochs_trained": 18,
        "final_val_loss": 0.005273502897014523
      },
      {
        "fold": 2,
        "best_val_acc": 1.0,
        "best_epoch": 1,
        "epochs_trained": 16,
        "final_val_loss": 0.0
      },
      {
        "fold": 3,
        "best_val_acc": 1.0,
        "best_epoch": 2,
        "epochs_trained": 17,
        "final_val_loss": 7.164679066292787e-10
      }
    ],
    "mean_val_acc": 1.0,
    "std_val_acc": 0.0,
    "mean_best_epoch": 2.0,
    "median_best_epoch": 2,
    "optimal_epochs": 10,
    "n_folds": 3
  },
  "timestamp": "2025-12-21T13:06:44.293566"
}