{
  "train_loss": [
    0.3808295492357416,
    0.1719121082897971,
    0.0764824339691693,
    0.03247923964411184,
    0.0075875715861287545,
    0.008746570477219108,
    0.008045193831445557,
    0.0037004239439049364,
    0.004366417872904912,
    0.0024134642187130973,
    0.0026314160005344186,
    0.0014974046771885747,
    0.001694749834353301,
    0.011061554897012552,
    0.008463269397227054,
    0.004309960224244224,
    0.011753485503998904,
    0.008809102610856545,
    0.0031178148939715517,
    0.004848703937013341
  ],
  "train_acc": [
    0.555005500550055,
    0.858085808580858,
    0.9422442244224423,
    0.9702970297029703,
    0.9944994499449945,
    0.995049504950495,
    0.9933993399339934,
    0.9983498349834984,
    0.9972497249724972,
    0.9983498349834984,
    0.9977997799779978,
    1.0,
    0.9983498349834984,
    0.995049504950495,
    0.9955995599559956,
    0.9961496149614961,
    0.9966996699669967,
    0.9972497249724972,
    0.9972497249724972,
    0.9977997799779978
  ],
  "val_loss": [
    0.4642547589800356,
    0.0788508205548022,
    0.07171882698103293,
    0.013037862695802963,
    0.0004168064657106499,
    0.02185845354258727,
    0.03395660508948853,
    0.031801521681155076,
    0.003916632610803246,
    2.7891522897993647e-05,
    0.03816648621626454,
    0.04081302203300967,
    0.019238737268149522,
    8.988824138996507e-06,
    0.010373067594082786,
    0.03722655687920712,
    0.011893332796609373,
    0.032033507338880766,
    2.0106530520886827e-06,
    1.0310053084894834e-05
  ],
  "val_acc": [
    0.6151202749140894,
    0.9639175257731959,
    0.9243986254295533,
    0.9965635738831615,
    1.0,
    0.9965635738831615,
    0.993127147766323,
    0.9965635738831615,
    0.9982817869415808,
    1.0,
    0.9965635738831615,
    0.9965635738831615,
    0.9965635738831615,
    1.0,
    0.9982817869415808,
    0.9965635738831615,
    0.9982817869415808,
    0.9965635738831615,
    1.0,
    1.0
  ],
  "lr": [
    0.001,
    0.0009997557473810372,
    0.0009990232305719946,
    0.0009978031724785247,
    0.0009960967771506667,
    0.0009939057285945933,
    0.0009912321891107012,
    0.0009880787971596802,
    0.0009844486647586726,
    0.000980345374410087,
    0.0009757729755661012,
    0.0009707359806323418,
    0.0009652393605146846,
    0.0009592885397135708,
    0.0009528893909706799,
    0.0009460482294732424,
    0.0009387718066217127,
    0.0009310673033669524,
    0.0009229423231234977,
    0.0009144048842659084
  ]
}