{
  "train_loss": [
    0.13921098980135094,
    0.02186895551001703,
    0.0027444061256955295,
    0.0018063592894022144,
    0.0001307458501800838,
    0.002077269265918563,
    0.00010665072557299529,
    3.6868352911783476e-05,
    4.260546868401352e-05,
    2.437892063017136e-05
  ],
  "train_acc": [
    0.9474495299738018,
    0.9942980428417322,
    0.9993835721991062,
    0.9995376791493297,
    1.0,
    0.9998458930497766,
    1.0,
    1.0,
    1.0,
    1.0
  ],
  "val_loss": [
    0.0,
    0.0,
    0.0,
    0.0,
    0.0,
    0.0,
    0.0,
    0.0,
    0.0,
    0.0
  ],
  "val_acc": [
    0.0,
    0.0,
    0.0,
    0.0,
    0.0,
    0.0,
    0.0,
    0.0,
    0.0,
    0.0
  ],
  "lr": [
    0.001,
    0.0009757729755661011,
    0.000905463412215599,
    0.0007959536998847742,
    0.000657963412215599,
    0.000505,
    0.0003520365877844011,
    0.00021404630011522585,
    0.00010453658778440107,
    3.4227024433899005e-05
  ]
}