{
  "train_loss": [
    1.3861775968400034,
    0.31349939116911,
    0.044948247858662284,
    0.020894690454661913,
    0.015057112347581541,
    0.02480562152941655,
    0.016905804636756422,
    0.024649263587057983,
    0.004656088227618804,
    0.012955731724704461,
    0.0026861057512777703,
    0.0010916471392127727,
    0.0006661106962772413,
    0.0011650899142647303,
    0.0013241745675701393,
    0.00041690128559886494,
    0.0003676198645942098,
    0.0038545882172203276,
    0.008047036212394474,
    0.0009567172596194219
  ],
  "train_acc": [
    0.4922992299229923,
    0.9037403740374037,
    0.9884488448844885,
    0.995049504950495,
    0.9961496149614961,
    0.9922992299229924,
    0.9922992299229924,
    0.9933993399339934,
    0.9983498349834984,
    0.9977997799779978,
    0.9994499449944995,
    0.9994499449944995,
    1.0,
    0.9994499449944995,
    0.9994499449944995,
    1.0,
    1.0,
    0.9983498349834984,
    0.9977997799779978,
    1.0
  ],
  "val_loss": [
    1.2660727783576635,
    0.03284217530838063,
    0.009454497659033315,
    0.015688744571028937,
    0.0015501744065013507,
    0.022882271913905676,
    0.0322132323406959,
    0.016763668869600838,
    0.0033100113630969165,
    0.006694439665063447,
    0.014583566838144924,
    0.0063760145381762555,
    0.00477457902124582,
    0.0011506455509778415,
    0.001606393387141678,
    0.0028481148538880745,
    0.016006490836869013,
    0.023626402190970598,
    0.00282546034535025,
    0.020710244941640168
  ],
  "val_acc": [
    0.5189003436426117,
    0.9896907216494846,
    0.9982817869415808,
    0.9965635738831615,
    0.9982817869415808,
    0.9965635738831615,
    0.9948453608247423,
    0.9948453608247423,
    0.9982817869415808,
    0.9982817869415808,
    0.9965635738831615,
    0.9982817869415808,
    0.9982817869415808,
    1.0,
    1.0,
    0.9965635738831615,
    0.9982817869415808,
    0.9965635738831615,
    0.9982817869415808,
    0.9965635738831615
  ],
  "lr": [
    0.001,
    0.0009997557473810372,
    0.0009990232305719946,
    0.0009978031724785247,
    0.0009960967771506667,
    0.0009939057285945933,
    0.0009912321891107012,
    0.0009880787971596802,
    0.0009844486647586726,
    0.000980345374410087,
    0.0009757729755661012,
    0.0009707359806323418,
    0.0009652393605146846,
    0.0009592885397135708,
    0.0009528893909706799,
    0.0009460482294732424,
    0.0009387718066217127,
    0.0009310673033669524,
    0.0009229423231234977,
    0.0009144048842659084
  ]
}