{
  "train_loss": [
    0.06821033994441927,
    0.0038536137547129762,
    0.00042756542625673697,
    0.0005768281501404141,
    0.00022226455757978693,
    0.00011777508377702101,
    0.00025253788358195733,
    0.0002987927890254426,
    0.0002061227863092234,
    6.190810525976739e-05
  ],
  "train_acc": [
    0.9240252735398367,
    0.9979966096470951,
    0.9996917860995531,
    0.9995376791493297,
    0.9998458930497766,
    1.0,
    0.9996917860995531,
    0.9995376791493297,
    0.9998458930497766,
    1.0
  ],
  "val_loss": [
    0.0,
    0.0,
    0.0,
    0.0,
    0.0,
    0.0,
    0.0,
    0.0,
    0.0,
    0.0
  ],
  "val_acc": [
    0.0,
    0.0,
    0.0,
    0.0,
    0.0,
    0.0,
    0.0,
    0.0,
    0.0,
    0.0
  ],
  "lr": [
    0.001,
    0.0009757729755661011,
    0.000905463412215599,
    0.0007959536998847742,
    0.000657963412215599,
    0.000505,
    0.0003520365877844011,
    0.00021404630011522585,
    0.00010453658778440107,
    3.4227024433899005e-05
  ]
}