{
  "train_loss": [
    1.692872219090939,
    1.0348625373919018,
    0.838316458548912,
    0.754470246000783,
    0.6498426637633798,
    0.5441072111738265,
    0.4939725957687932,
    0.42277337884483296,
    0.40063901483291314,
    0.3179108358517994,
    0.29749571447587514,
    0.2534175055189626,
    0.2566136642388909,
    0.22996378631809494,
    0.21433472420253902,
    0.21613390309320163,
    0.19898620342919798,
    0.16852693881007574,
    0.15894991762698418,
    0.14117489796135949,
    0.1261142444263066,
    0.14351961531392549,
    0.13694047581965904,
    0.10428773351136607,
    0.1210415046928477,
    0.10324099725491405,
    0.0964710326625569,
    0.10224739490824826,
    0.08943361174663564,
    0.09504006094451915,
    0.08760782769738776,
    0.08953954836781924,
    0.07410451497296558,
    0.07467733713725482,
    0.06909102593252499,
    0.07040354624243066,
    0.07700865546075425,
    0.06521744011390065,
    0.07734758107706789,
    0.05723559858463909,
    0.06117851504742509,
    0.05752002945368571,
    0.05912043659961132,
    0.051819179039059166,
    0.04884115878258995,
    0.04800024823100194,
    0.05094284637102691,
    0.04249756181422043
  ],
  "train_acc": [
    0.4053905390539054,
    0.6243124312431243,
    0.7018701870187019,
    0.72992299229923,
    0.7920792079207921,
    0.8327832783278328,
    0.8454345434543454,
    0.8773377337733773,
    0.8729372937293729,
    0.9086908690869087,
    0.9125412541254125,
    0.94004400440044,
    0.9202420242024203,
    0.9295929592959296,
    0.9372937293729373,
    0.935093509350935,
    0.94004400440044,
    0.9581958195819582,
    0.9614961496149615,
    0.9587458745874587,
    0.9658965896589659,
    0.9603960396039604,
    0.9664466446644664,
    0.9724972497249725,
    0.9664466446644664,
    0.971947194719472,
    0.9752475247524752,
    0.9724972497249725,
    0.9807480748074807,
    0.9763476347634763,
    0.9735973597359736,
    0.9774477447744775,
    0.9785478547854786,
    0.9807480748074807,
    0.9818481848184818,
    0.9790979097909791,
    0.9785478547854786,
    0.982948294829483,
    0.9763476347634763,
    0.9867986798679867,
    0.9840484048404841,
    0.9823982398239824,
    0.982948294829483,
    0.9862486248624862,
    0.9878987898789879,
    0.9884488448844885,
    0.9845984598459846,
    0.9911991199119912
  ],
  "val_loss": [
    3.448915301114833,
    0.9351936946543017,
    0.7781310120911124,
    0.6060931886965569,
    0.47644401346477344,
    0.43464158646621553,
    0.44969240330236476,
    0.3997185029300679,
    0.27469461600062567,
    0.33977691229605644,
    0.19899651108636068,
    0.35749305120294855,
    0.12988068750032136,
    0.17893617638767637,
    0.10931876537956528,
    0.07791284902846997,
    0.1331628891295366,
    0.41206462676492855,
    0.06510837146247453,
    0.19090588805041694,
    0.0941098622851317,
    0.11457660017435878,
    0.21649105507157154,
    0.09244550470682021,
    0.08188226290918883,
    0.05876174961941643,
    0.03532024033073995,
    0.05622430764581957,
    0.2736107378159838,
    0.036698498465904894,
    0.030496469155374812,
    0.03953915284074446,
    0.026505242807941056,
    0.10927312530391559,
    0.03620898565696513,
    0.06034235200191419,
    0.08854953448957831,
    0.08815872325399719,
    0.03543321253881917,
    0.035687318511930924,
    0.11934067964278997,
    0.03419462147971321,
    0.0359810047185979,
    0.034620813157387825,
    0.03629112544074383,
    0.050478514443466495,
    0.04205432003554242,
    0.02754259338362192
  ],
  "val_acc": [
    0.31958762886597936,
    0.7250859106529209,
    0.7439862542955327,
    0.8350515463917526,
    0.8780068728522337,
    0.8900343642611683,
    0.872852233676976,
    0.8797250859106529,
    0.9381443298969072,
    0.8831615120274914,
    0.9639175257731959,
    0.8762886597938144,
    0.9862542955326461,
    0.9553264604810997,
    0.9845360824742269,
    0.9914089347079038,
    0.9673539518900344,
    0.8298969072164949,
    0.9879725085910653,
    0.929553264604811,
    0.9828178694158075,
    0.9621993127147767,
    0.9106529209621993,
    0.9707903780068728,
    0.9707903780068728,
    0.9862542955326461,
    0.9948453608247423,
    0.9845360824742269,
    0.9003436426116839,
    0.9914089347079038,
    0.9948453608247423,
    0.9914089347079038,
    0.9948453608247423,
    0.9673539518900344,
    0.9914089347079038,
    0.9810996563573883,
    0.9656357388316151,
    0.9656357388316151,
    0.9879725085910653,
    0.9879725085910653,
    0.9587628865979382,
    0.9896907216494846,
    0.9896907216494846,
    0.9914089347079038,
    0.9914089347079038,
    0.9810996563573883,
    0.9845360824742269,
    0.993127147766323
  ],
  "lr": [
    0.001,
    0.0009997557473810372,
    0.0009990232305719946,
    0.0009978031724785247,
    0.0009960967771506667,
    0.0009939057285945933,
    0.0009912321891107012,
    0.0009880787971596802,
    0.0009844486647586726,
    0.000980345374410087,
    0.0009757729755661012,
    0.0009707359806323418,
    0.0009652393605146846,
    0.0009592885397135708,
    0.0009528893909706799,
    0.0009460482294732424,
    0.0009387718066217127,
    0.0009310673033669524,
    0.0009229423231234977,
    0.0009144048842659084,
    0.0009054634122155993,
    0.0008961267311259671,
    0.000886404055174016,
    0.0008763049794670778,
    0.000865839470573599,
    0.0008550178566873413,
    0.0008438508174347012,
    0.000832349373335208,
    0.0008205248749256018,
    0.0008083889915582238,
    0.0007959536998847747,
    0.0007832312720368051,
    0.0007702342635146037,
    0.0007569755007964342,
    0.0007434680686803494,
    0.0007297252973710761,
    0.0007157607493247114,
    0.0007015882058642168,
    0.0006872216535789162,
    0.0006726752705214198,
    0.0006579634122155995,
    0.000643100597489419,
    0.0006281014941466035,
    0.000612980904491289,
    0.0005977537507199342,
    0.0005824350601949147,
    0.000567039950614331,
    0.0005515836150926649
  ]
}