{
  "train_loss": [
    0.2629777141682765,
    0.022939206253880563,
    0.014593201468582402,
    0.00615400137029922,
    0.003137638324012729,
    0.008763516044473951,
    0.011287537327950448,
    0.008063700271007035,
    0.004042071164576018,
    0.0005030457324663585,
    0.0006806864026437844,
    9.077364826636032e-05,
    0.0005801156811287344,
    4.4027080006328206e-05,
    0.0005629168430806216,
    0.00010473450752151569,
    3.744793857601568e-05,
    0.00015305126300544692
  ],
  "train_acc": [
    0.8920139601724492,
    0.9940463970437282,
    0.9967152535413673,
    0.9975364401560255,
    0.9989735167316772,
    0.9975364401560255,
    0.9971258468486963,
    0.9989735167316772,
    0.9991788133853419,
    0.9997947033463355,
    0.9997947033463355,
    1.0,
    0.9997947033463355,
    1.0,
    0.9993841100390064,
    1.0,
    1.0,
    1.0
  ],
  "val_loss": [
    0.05801263193867308,
    0.008590860335382845,
    0.0007083662688631987,
    0.011272291123433646,
    0.00012095587225474944,
    0.02164809841337672,
    0.012199590677517727,
    0.013022485836057187,
    0.003438886952311746,
    0.008899972953064576,
    0.008094393852367335,
    0.005581967948479798,
    0.010183908724359297,
    0.009984399262542817,
    0.011045605194385293,
    0.009618505052910991,
    0.009358802094090832,
    0.008753574895925776
  ],
  "val_acc": [
    0.9845360824742269,
    0.9982817869415808,
    1.0,
    0.9991408934707904,
    1.0,
    0.9965635738831615,
    0.9974226804123711,
    0.9974226804123711,
    0.9991408934707904,
    0.9991408934707904,
    0.9991408934707904,
    0.9991408934707904,
    0.9991408934707904,
    0.9991408934707904,
    0.9991408934707904,
    0.9991408934707904,
    0.9991408934707904,
    0.9991408934707904
  ],
  "lr": [
    0.001,
    0.0009997557473810372,
    0.0009990232305719946,
    0.0009978031724785247,
    0.0009960967771506667,
    0.0009939057285945933,
    0.0009912321891107012,
    0.0009880787971596802,
    0.0009844486647586726,
    0.000980345374410087,
    0.0009757729755661012,
    0.0009707359806323418,
    0.0009652393605146846,
    0.0009592885397135708,
    0.0009528893909706799,
    0.0009460482294732424,
    0.0009387718066217127,
    0.0009310673033669524
  ]
}