{
  "train_loss": [
    0.6509016297346168,
    0.29059508225678465,
    0.20071015554246802,
    0.12959083468425545,
    0.11584138486008946,
    0.08457819702957621,
    0.08284756195108349,
    0.062158028263804406,
    0.0652901448983966,
    0.056716711075681665,
    0.05103680060717928,
    0.04389962347331808,
    0.04869599917381,
    0.03929262214423058,
    0.03049266225771355,
    0.035164846899430335,
    0.024259687471213067,
    0.02167402072478865,
    0.022604142503274305,
    0.02446925188230247,
    0.020538852685265927,
    0.02030884992335855,
    0.013224625955786065,
    0.021192130773611026,
    0.0186188225711831,
    0.015426118305406881,
    0.014104514733459545,
    0.018001588650363828,
    0.014321501970404327,
    0.01575148255061232,
    0.015141303307453089,
    0.009700506608673182,
    0.013004345558178398
  ],
  "train_acc": [
    0.739478546499692,
    0.89611989324574,
    0.9293779511393965,
    0.9599671525354136,
    0.9618148224183946,
    0.97515910490659,
    0.9735167316772737,
    0.9809074112091973,
    0.9772120714432355,
    0.9827550810921782,
    0.9843974543214946,
    0.9850133442824882,
    0.9827550810921782,
    0.9874769041264627,
    0.9897351673167727,
    0.9895298706631082,
    0.9919934305070828,
    0.99322521042907,
    0.9930199137754054,
    0.9917881338534182,
    0.9938411003900637,
    0.9936358037363991,
    0.99774173680969,
    0.9926093204680764,
    0.9948675836583863,
    0.9946622870047218,
    0.9952781769657154,
    0.9940463970437282,
    0.9960993635803737,
    0.9944569903510573,
    0.9952781769657154,
    0.9971258468486963,
    0.9969205501950318
  ],
  "val_loss": [
    0.39698482375700805,
    0.20287870873814717,
    0.3100276775755644,
    0.31788900493105304,
    0.04448103490965915,
    0.095406538494706,
    0.015421185059200176,
    0.022672223511535715,
    0.028614716691062532,
    0.04654920871824676,
    0.007102764868312741,
    0.03230276911805954,
    0.014566710864097126,
    0.05133430792611411,
    0.03571102209289197,
    0.0031767106214754125,
    0.0033755013360027963,
    0.0009333062043129082,
    0.0035931348164300425,
    0.009383142543392313,
    0.001694806454491259,
    0.016719701593182874,
    0.04812156366745409,
    0.01149440327737741,
    0.0009111983282079949,
    0.019879139497943614,
    0.0016950158557669168,
    0.0009724482740123541,
    0.0031355481595133415,
    0.0006108643556248562,
    0.00031692300847171155,
    0.056491644174911815,
    0.0003060900298274471
  ],
  "val_acc": [
    0.8221649484536082,
    0.9209621993127147,
    0.8625429553264605,
    0.8496563573883161,
    0.9862542955326461,
    0.9587628865979382,
    0.9982817869415808,
    0.9939862542955327,
    0.9905498281786942,
    0.9879725085910653,
    0.9982817869415808,
    0.9905498281786942,
    0.993127147766323,
    0.9836769759450171,
    0.988831615120275,
    1.0,
    0.9991408934707904,
    1.0,
    1.0,
    0.9965635738831615,
    0.9991408934707904,
    0.9939862542955327,
    0.9785223367697594,
    0.9965635738831615,
    1.0,
    0.9939862542955327,
    0.9991408934707904,
    1.0,
    0.9982817869415808,
    1.0,
    1.0,
    0.9836769759450171,
    1.0
  ],
  "lr": [
    0.001,
    0.0009997557473810372,
    0.0009990232305719946,
    0.0009978031724785247,
    0.0009960967771506667,
    0.0009939057285945933,
    0.0009912321891107012,
    0.0009880787971596802,
    0.0009844486647586726,
    0.000980345374410087,
    0.0009757729755661012,
    0.0009707359806323418,
    0.0009652393605146846,
    0.0009592885397135708,
    0.0009528893909706799,
    0.0009460482294732424,
    0.0009387718066217127,
    0.0009310673033669524,
    0.0009229423231234977,
    0.0009144048842659084,
    0.0009054634122155993,
    0.0008961267311259671,
    0.000886404055174016,
    0.0008763049794670778,
    0.000865839470573599,
    0.0008550178566873413,
    0.0008438508174347012,
    0.000832349373335208,
    0.0008205248749256018,
    0.0008083889915582238,
    0.0007959536998847747,
    0.0007832312720368051,
    0.0007702342635146037
  ]
}