{
  "model": "cnn",
  "mode": "4class",
  "split": "cross_load",
  "seed": 1024,
  "parameters": 44228,
  "epochs_trained": 33,
  "best_val_acc": 1.0,
  "best_epoch": 16,
  "test_metrics": {
    "accuracy": 0.9967330937602091,
    "macro_precision": 0.9964668351992296,
    "macro_recall": 0.9964589235127479,
    "macro_f1": 0.9964588950950181,
    "macro_auroc": 0.999957296572298,
    "per_class_metrics": {
      "Normal": {
        "precision": 1.0,
        "recall": 1.0,
        "f1": 1.0,
        "support": 945
      },
      "Ball": {
        "precision": 1.0,
        "recall": 1.0,
        "f1": 1.0,
        "support": 704
      },
      "IR": {
        "precision": 0.9957264957264957,
        "recall": 0.990084985835694,
        "f1": 0.9928977272727273,
        "support": 706
      },
      "OR": {
        "precision": 0.9901408450704225,
        "recall": 0.9957507082152974,
        "f1": 0.9929378531073446,
        "support": 706
      }
    },
    "confusion_matrix": [
      [
        945,
        0,
        0,
        0
      ],
      [
        0,
        704,
        0,
        0
      ],
      [
        0,
        0,
        699,
        7
      ],
      [
        0,
        0,
        3,
        703
      ]
    ]
  },
  "noise_robustness": null,
  "kfold_cv": null,
  "timestamp": "2025-12-21T13:00:44.568752"
}