{
  "train_loss": [
    1.007114223980143,
    0.4500770516062465,
    0.36178121905122257,
    0.2979506905650673,
    0.23659894853109048,
    0.19138559307267825,
    0.1725765207108229,
    0.14405868329492996,
    0.14156584223636043,
    0.1130447285280566,
    0.10178037369736481,
    0.0946559536509519,
    0.09528619942754278,
    0.07481229832914338,
    0.07868069284918285,
    0.08316949678726322,
    0.08510873931879126,
    0.049293606375048,
    0.060935243107665356,
    0.05287950488403685,
    0.04703161585563743,
    0.04727252529743481,
    0.06480051842400326,
    0.047134932474826426,
    0.04423173957138565,
    0.04511716315979743,
    0.04345356545752228,
    0.04207363737925346,
    0.030373717701253126,
    0.020868393396846006,
    0.02581406366366922,
    0.02315004103242269,
    0.019406998736478543,
    0.028116473393275006,
    0.028124704325881072,
    0.02419806284188601,
    0.01803847638187301,
    0.015306389807622032,
    0.027080307605525742,
    0.0171233130733168,
    0.02544680080807904,
    0.024023063157093932,
    0.01575818515871421,
    0.02071883943486688,
    0.01567761732800172,
    0.011696338236313497,
    0.013661808310598093,
    0.012802111720169379,
    0.020008972123658698,
    0.013944241508218583,
    0.01757750895829222,
    0.012827114346544734,
    0.016661581016740916,
    0.007526590627166305,
    0.00809985870235201,
    0.010465139055822343,
    0.021172774301962752,
    0.01419908424831181,
    0.008528145388223649,
    0.008391031068703621,
    0.01999267202016167,
    0.010139992403361343,
    0.011966256061066823,
    0.010321805773075461,
    0.01008622043963821,
    0.009456062298042677,
    0.012271764261977966,
    0.007621547909058032
  ],
  "train_acc": [
    0.61001100110011,
    0.8036303630363036,
    0.858085808580858,
    0.8943894389438944,
    0.9185918591859186,
    0.9383938393839384,
    0.9460946094609461,
    0.9548954895489549,
    0.9532453245324533,
    0.9576457645764577,
    0.9691969196919692,
    0.9675467546754676,
    0.9680968096809681,
    0.9730473047304731,
    0.976897689768977,
    0.9713971397139713,
    0.9697469746974697,
    0.9867986798679867,
    0.9812981298129813,
    0.9818481848184818,
    0.9867986798679867,
    0.9856985698569857,
    0.9807480748074807,
    0.9845984598459846,
    0.9845984598459846,
    0.9856985698569857,
    0.9878987898789879,
    0.9884488448844885,
    0.9900990099009901,
    0.9933993399339934,
    0.9922992299229924,
    0.9944994499449945,
    0.995049504950495,
    0.9917491749174917,
    0.9928492849284929,
    0.993949394939494,
    0.9961496149614961,
    0.9972497249724972,
    0.9906490649064906,
    0.995049504950495,
    0.9900990099009901,
    0.993949394939494,
    0.9972497249724972,
    0.9911991199119912,
    0.995049504950495,
    0.9972497249724972,
    0.9961496149614961,
    0.9966996699669967,
    0.9955995599559956,
    0.9955995599559956,
    0.9933993399339934,
    0.9961496149614961,
    0.995049504950495,
    0.9983498349834984,
    1.0,
    0.9961496149614961,
    0.9933993399339934,
    0.9944994499449945,
    0.9972497249724972,
    0.9988998899889989,
    0.9955995599559956,
    0.9972497249724972,
    0.995049504950495,
    0.9966996699669967,
    0.9977997799779978,
    0.9972497249724972,
    0.9955995599559956,
    0.9983498349834984
  ],
  "val_loss": [
    2.594983947783376,
    0.3503912178946729,
    0.2695503741137914,
    0.2762867546531522,
    0.155001303954354,
    0.13795068254934373,
    0.10663597557493293,
    0.1730516607037232,
    0.07088692790376186,
    0.09889017317153648,
    0.338259439333217,
    0.06829013342599971,
    0.17503906048792217,
    0.11275762329199837,
    0.12953659967836872,
    0.022546246899052217,
    0.04805768338990243,
    0.06244792790180467,
    0.11685772382669402,
    0.02371485356841831,
    0.029357106295163537,
    0.041959217109867476,
    0.1900398206376549,
    0.059991010160481584,
    0.022350148701715096,
    0.0957947463321069,
    0.015804614637037577,
    0.015532992188055652,
    0.010842144663464379,
    0.030417792349968432,
    0.026720599762914726,
    0.04725498734124135,
    0.007183145607095855,
    0.08385581316183077,
    0.01494015820670796,
    0.03251836936810543,
    0.005071160732133236,
    0.03737052765612294,
    0.08674633582410358,
    0.004675714408537396,
    0.019708504106231654,
    0.0037915514892535654,
    0.037192777890139396,
    0.05936684920328372,
    0.004355887334570431,
    0.03917451409808367,
    0.0053181953001366624,
    0.033042182828588645,
    0.04819640109681036,
    0.0037356768261940535,
    0.002983460462603578,
    0.005153410316709306,
    0.0022943280934303346,
    0.014628057031547131,
    0.005012064546028244,
    0.008498196169435122,
    0.013453394174025256,
    0.0100650255508896,
    0.004286187304523608,
    0.0061941040366564,
    0.0013944962575021286,
    0.004960832380667352,
    0.003974104883566265,
    0.022788694087087957,
    0.0012979184995850113,
    0.0049332281703743696,
    0.006268362528424837,
    0.0037967500753150357
  ],
  "val_acc": [
    0.31958762886597936,
    0.852233676975945,
    0.8986254295532646,
    0.8934707903780069,
    0.9450171821305842,
    0.9587628865979382,
    0.9810996563573883,
    0.9072164948453608,
    0.9862542955326461,
    0.9673539518900344,
    0.8814432989690721,
    0.979381443298969,
    0.9243986254295533,
    0.9536082474226805,
    0.9484536082474226,
    0.9914089347079038,
    0.979381443298969,
    0.979381443298969,
    0.9518900343642611,
    0.9914089347079038,
    0.9948453608247423,
    0.9828178694158075,
    0.9175257731958762,
    0.9759450171821306,
    0.9896907216494846,
    0.9656357388316151,
    0.9948453608247423,
    0.9948453608247423,
    0.9965635738831615,
    0.9914089347079038,
    0.9896907216494846,
    0.9742268041237113,
    1.0,
    0.9725085910652921,
    0.9948453608247423,
    0.9862542955326461,
    1.0,
    0.9879725085910653,
    0.9570446735395189,
    1.0,
    0.993127147766323,
    1.0,
    0.979381443298969,
    0.9725085910652921,
    0.9982817869415808,
    0.9879725085910653,
    0.9982817869415808,
    0.9845360824742269,
    0.9725085910652921,
    1.0,
    1.0,
    0.9982817869415808,
    1.0,
    0.993127147766323,
    1.0,
    0.9948453608247423,
    0.9948453608247423,
    0.9948453608247423,
    1.0,
    0.9982817869415808,
    1.0,
    1.0,
    1.0,
    0.9896907216494846,
    1.0,
    1.0,
    0.9982817869415808,
    0.9982817869415808
  ],