{
  "train_loss": [
    0.08150650203882966,
    0.003332243566936465,
    0.002020347743792341,
    0.00061673405704146,
    0.0003282721604383506,
    0.0005056459814230096,
    0.0002833962317390916,
    0.0004989294095940075,
    0.0003918699540520607,
    0.00011142313964481227
  ],
  "train_acc": [
    0.9101556480197257,
    0.9984589304977655,
    0.9989212513484358,
    0.9995376791493297,
    0.9998458930497766,
    0.9993835721991062,
    0.9995376791493297,
    0.9995376791493297,
    0.9996917860995531,
    1.0
  ],
  "val_loss": [
    0.0,
    0.0,
    0.0,
    0.0,
    0.0,
    0.0,
    0.0,
    0.0,
    0.0,
    0.0
  ],
  "val_acc": [
    0.0,
    0.0,
    0.0,
    0.0,
    0.0,
    0.0,
    0.0,
    0.0,
    0.0,
    0.0
  ],
  "lr": [
    0.001,
    0.0009757729755661011,
    0.000905463412215599,
    0.0007959536998847742,
    0.000657963412215599,
    0.000505,
    0.0003520365877844011,
    0.00021404630011522585,
    0.00010453658778440107,
    3.4227024433899005e-05
  ]
}