{
  "model": "lstm",
  "mode": "multilabel",
  "split": "fault_size_all_loads",
  "seed": 1024,
  "parameters": 631875,
  "epochs_trained": 10,
  "best_val_acc": 1.0,
  "best_epoch": 10,
  "test_metrics": {
    "macro_auroc": 0.801899568125934,
    "per_class_auroc": {
      "Ball": 0.7523674365529893,
      "IR": 0.977966214621019,
      "OR": 0.6753650532037937,
      "macro": 0.801899568125934
    },
    "per_class_metrics": {
      "Ball": {
        "precision": 0.33428165007112376,
        "recall": 1.0,
        "f1": 0.5010660980810234,
        "auroc": 0.7523674365529893
      },
      "IR": {
        "precision": 1.0,
        "recall": 0.002849002849002849,
        "f1": 0.005681818181818182,
        "auroc": 0.977966214621019
      },
      "OR": {
        "precision": 0.0,
        "recall": 0.0,
        "f1": 0.0,
        "auroc": 0.6753650532037937
      }
    }
  },
  "noise_robustness": null,
  "kfold_cv": {
    "fold_results": [
      {
        "fold": 1,
        "best_val_acc": 1.0,
        "best_epoch": 3,
        "epochs_trained": 18,
        "final_val_loss": 0.00011953959687814466
      },
      {
        "fold": 2,
        "best_val_acc": 1.0,
        "best_epoch": 2,
        "epochs_trained": 17,
        "final_val_loss": 2.773866039874845e-10
      },
      {
        "fold": 3,
        "best_val_acc": 1.0,
        "best_epoch": 2,
        "epochs_trained": 17,
        "final_val_loss": 3.752300526763638e-11
      }
    ],
    "mean_val_acc": 1.0,
    "std_val_acc": 0.0,
    "mean_best_epoch": 2.3333333333333335,
    "median_best_epoch": 2,
    "optimal_epochs": 10,
    "n_folds": 3
  },
  "timestamp": "2025-12-21T13:10:37.063336"
}