{
  "train_loss": [
    0.5659283965137532,
    0.24411260316146352,
    0.10233355196330152,
    0.06421181473602326,
    0.03598998929761331,
    0.07379196297822518,
    0.02042333560943121,
    0.0016036626749546614,
    0.014040640191688379,
    0.0038518801267387196,
    0.026871165609022047,
    0.08681574281165735,
    0.024092112326040676,
    0.01315033162078336,
    0.023905028342791887,
    0.015995794991001833,
    0.0014910099399448973,
    0.0030920382186574846,
    0.002662735319272472,
    0.0006921655076254392
  ],
  "train_acc": [
    0.7557755775577558,
    0.916941694169417,
    0.9691969196919692,
    0.9801980198019802,
    0.9856985698569857,
    0.9823982398239824,
    0.9955995599559956,
    0.9994499449944995,
    0.9966996699669967,
    0.9988998899889989,
    0.9944994499449945,
    0.9763476347634763,
    0.9917491749174917,
    0.9966996699669967,
    0.993949394939494,
    0.9966996699669967,
    0.9994499449944995,
    0.9988998899889989,
    0.9988998899889989,
    1.0
  ],
  "val_loss": [
    1.2690860367762333,
    0.19153491205161494,
    0.07548957390890886,
    0.01600152391785518,
    0.00017044939997810406,
    0.006821656951080838,
    0.0006407282130051368,
    0.0043010743055644455,
    3.5527575982527685e-05,
    0.007213142623974671,
    0.17741628804644044,
    0.04995993795192274,
    0.0027560172377023412,
    2.6301811919385344e-06,
    9.480118411456707e-06,
    2.5628259687230818e-05,
    6.597437655552821e-07,
    4.146247578831876e-05,
    1.2146216867725584e-07,
    4.055562868350385e-08
  ],
  "val_acc": [
    0.6718213058419243,
    0.9484536082474226,
    0.9776632302405498,
    0.9948453608247423,
    1.0,
    0.9982817869415808,
    1.0,
    0.9982817869415808,
    1.0,
    0.9982817869415808,
    0.9810996563573883,
    0.9879725085910653,
    0.9982817869415808,
    1.0,
    1.0,
    1.0,
    1.0,
    1.0,
    1.0,
    1.0
  ],
  "lr": [
    0.001,
    0.0009997557473810372,
    0.0009990232305719946,
    0.0009978031724785247,
    0.0009960967771506667,
    0.0009939057285945933,
    0.0009912321891107012,
    0.0009880787971596802,
    0.0009844486647586726,
    0.000980345374410087,
    0.0009757729755661012,
    0.0009707359806323418,
    0.0009652393605146846,
    0.0009592885397135708,
    0.0009528893909706799,
    0.0009460482294732424,
    0.0009387718066217127,
    0.0009310673033669524,
    0.0009229423231234977,
    0.0009144048842659084
  ]
}