{
  "train_loss": [
    1.0173284267828409,
    0.4471613827711678,
    0.33619884066324685,
    0.26811877029104725,
    0.20231523398387813,
    0.1636203467944274,
    0.14035190034522474,
    0.11571384983995829,
    0.11186932533061412,
    0.11206340735698297,
    0.11432117251607582,
    0.08617559319609987,
    0.08115067285443558,
    0.06937679944291497,
    0.07450346696437454,
    0.08500815868148184,
    0.05721977958404454,
    0.053975334261903665,
    0.06545513742926097,
    0.043207930710383896,
    0.05536967508568622,
    0.05157573223861941,
    0.04998874830694744,
    0.032017322120895024,
    0.03925645816558921,
    0.03241181218683129,
    0.03302470373749995,
    0.025236607360939432,
    0.025037584462120097,
    0.026644562468408097,
    0.038644754218718304,
    0.031066738675595378,
    0.03228819743618451,
    0.028395253824781138,
    0.019122947622344157,
    0.020366779456839245,
    0.023845712816172634,
    0.02416724434667508,
    0.018881147804724337,
    0.020770221681214205,
    0.030245783243930773
  ],
  "train_acc": [
    0.6276127612761276,
    0.7970297029702971,
    0.8690869086908691,
    0.8998899889988999,
    0.9235423542354235,
    0.9515951595159516,
    0.9609460946094609,
    0.9620462046204621,
    0.9620462046204621,
    0.9592959295929593,
    0.9653465346534653,
    0.9774477447744775,
    0.9746974697469747,
    0.9812981298129813,
    0.976897689768977,
    0.9735973597359736,
    0.9812981298129813,
    0.982948294829483,
    0.9774477447744775,
    0.9878987898789879,
    0.982948294829483,
    0.9851485148514851,
    0.9812981298129813,
    0.9911991199119912,
    0.9867986798679867,
    0.9895489548954896,
    0.9911991199119912,
    0.9933993399339934,
    0.9933993399339934,
    0.9928492849284929,
    0.9895489548954896,
    0.9906490649064906,
    0.9906490649064906,
    0.9928492849284929,
    0.9933993399339934,
    0.9928492849284929,
    0.9911991199119912,
    0.9928492849284929,
    0.9922992299229924,
    0.9933993399339934,
    0.9917491749174917
  ],
  "val_loss": [
    5.650124471416648,
    0.8831914962361896,
    0.2731134455471371,
    0.18820586772408424,
    0.4743711122091648,
    0.23536820664259292,
    0.06945031275891776,
    0.34812458917015315,
    0.14799889626423107,
    0.18649536172224868,
    0.34447392396295956,
    0.045802681012353574,
    0.1697764020178928,
    0.08137369416638107,
    0.035522601083945164,
    0.09266187558119628,
    0.06406509107990106,
    0.09182462326124553,
    0.029907977597346307,
    0.08660727031820988,
    0.02950402054564845,
    0.2836666699859549,
    0.015158536123960755,
    0.03155819671418303,
    0.01103465745319161,
    0.00896709106866131,
    0.010910047872877209,
    0.00867610002446422,
    0.023243349543339956,
    0.06410548843590962,
    0.01557444832326734,
    0.05074367898153147,
    0.019734999750559753,
    0.0894113968132025,
    0.2000398065524047,
    0.039153657410412185,
    0.10973899665003709,
    0.1246132128728958,
    0.043146570115525036,
    0.15032254510442714,
    0.01338609370225459
  ],
  "val_acc": [
    0.31958762886597936,
    0.6563573883161512,
    0.8694158075601375,
    0.9553264604810997,
    0.8058419243986255,
    0.8969072164948454,
    0.9742268041237113,
    0.8780068728522337,
    0.9518900343642611,
    0.9329896907216495,
    0.8298969072164949,
    0.9810996563573883,
    0.9347079037800687,
    0.9725085910652921,
    0.9879725085910653,
    0.9639175257731959,
    0.9759450171821306,
    0.9707903780068728,
    0.9948453608247423,
    0.9690721649484536,
    0.9965635738831615,
    0.9089347079037801,
    0.9982817869415808,
    0.9879725085910653,
    0.9965635738831615,
    0.9982817869415808,
    0.9982817869415808,
    0.9982817869415808,
    0.993127147766323,
    0.9759450171821306,
    0.9982817869415808,
    0.9879725085910653,
    0.9965635738831615,
    0.9707903780068728,
    0.936426116838488,
    0.9845360824742269,
    0.9604810996563574,
    0.9587628865979382,
    0.9896907216494846,
    0.9570446735395189,
    0.9965635738831615
  ],
  "lr": [
    0.001,
    0.0009997557473810372,
    0.0009990232305719946,
    0.0009978031724785247,
    0.0009960967771506667,
    0.0009939057285945933,
    0.0009912321891107012,
    0.0009880787971596802,
    0.0009844486647586726,
    0.000980345374410087,
    0.0009757729755661012,
    0.0009707359806323418,
    0.0009652393605146846,
    0.0009592885397135708,
    0.0009528893909706799,
    0.0009460482294732424,
    0.0009387718066217127,
    0.0009310673033669524,
    0.0009229423231234977,
    0.0009144048842659084,
    0.0009054634122155993,
    0.0008961267311259671,
    0.000886404055174016,
    0.0008763049794670778,
    0.000865839470573599,
    0.0008550178566873413,
    0.0008438508174347012,
    0.000832349373335208,
    0.0008205248749256018,
    0.0008083889915582238,
    0.0007959536998847747,
    0.0007832312720368051,
    0.0007702342635146037,
    0.0007569755007964342,
    0.0007434680686803494,
    0.0007297252973710761,
    0.0007157607493247114,
    0.0007015882058642168,
    0.0006872216535789162,
    0.0006726752705214198,
    0.0006579634122155995
  ]
}