{
  "model": "cnn",
  "mode": "4class",
  "split": "random",
  "seed": 789,
  "parameters": 44228,
  "epochs_trained": 41,
  "best_val_acc": 0.9982817869415808,
  "best_epoch": 23,
  "test_metrics": {
    "accuracy": 0.9948453608247423,
    "macro_precision": 0.9943181818181819,
    "macro_recall": 0.9943181818181819,
    "macro_f1": 0.9943181818181819,
    "macro_auroc": 0.9999284511784512,
    "per_class_metrics": {
      "Normal": {
        "precision": 1.0,
        "recall": 1.0,
        "f1": 1.0,
        "support": 186
      },
      "Ball": {
        "precision": 0.9924242424242424,
        "recall": 0.9924242424242424,
        "f1": 0.9924242424242424,
        "support": 132
      },
      "IR": {
        "precision": 0.9924242424242424,
        "recall": 0.9924242424242424,
        "f1": 0.9924242424242424,
        "support": 132
      },
      "OR": {
        "precision": 0.9924242424242424,
        "recall": 0.9924242424242424,
        "f1": 0.9924242424242424,
        "support": 132
      }
    },
    "confusion_matrix": [
      [
        186,
        0,
        0,
        0
      ],
      [
        0,
        131,
        1,
        0
      ],
      [
        0,
        0,
        131,
        1
      ],
      [
        0,
        1,
        0,
        131
      ]
    ]
  },
  "noise_robustness": null,
  "kfold_cv": null,
  "timestamp": "2025-12-21T12:57:03.537528"
}