{
  "train_loss": [
    1.2113230322847273,
    0.2038306859327015,
    0.04319935092011956,
    0.03131397660028669,
    0.02165574307898746,
    0.009052675523516572,
    0.0036524578987091076,
    0.010792215113489396,
    0.0027730114246952695,
    0.008191350571364492,
    0.002933350176048671,
    0.026673856525406818,
    0.009028385705843505,
    0.001676122718613187,
    0.0015539957771494746,
    0.00044615900197532107,
    0.0009564793446742621,
    0.0010870733705686858,
    0.0015143200669044505,
    0.00027519554551583557
  ],
  "train_acc": [
    0.5522552255225522,
    0.9268426842684269,
    0.9856985698569857,
    0.9928492849284929,
    0.9911991199119912,
    0.9966996699669967,
    0.9988998899889989,
    0.9955995599559956,
    0.9988998899889989,
    0.9983498349834984,
    0.9983498349834984,
    0.9933993399339934,
    0.9966996699669967,
    1.0,
    0.9994499449944995,
    1.0,
    1.0,
    0.9994499449944995,
    0.9988998899889989,
    1.0
  ],
  "val_loss": [
    1.2009784542407123,
    0.03599090804233385,
    0.03426190817950058,
    0.029919791540382323,
    0.0005727685661408542,
    0.0028967723829333657,
    0.003096529488197952,
    0.016919613380598983,
    0.019990133795066475,
    0.00011470646258792628,
    0.005037600441990804,
    0.01150750064478636,
    0.017992119699297086,
    0.0030587831537222635,
    0.015403245306240173,
    0.016359119669412756,
    0.00890424775439245,
    0.012596737782868584,
    0.015497143325910163,
    5.4592143509364496e-05
  ],
  "val_acc": [
    0.49140893470790376,
    0.993127147766323,
    0.9948453608247423,
    0.9965635738831615,
    1.0,
    0.9982817869415808,
    0.9982817869415808,
    0.9982817869415808,
    0.9982817869415808,
    1.0,
    0.9982817869415808,
    0.9982817869415808,
    0.9982817869415808,
    0.9982817869415808,
    0.9982817869415808,
    0.9982817869415808,
    0.9982817869415808,
    0.9982817869415808,
    0.9982817869415808,
    1.0
  ],
  "lr": [
    0.001,
    0.0009997557473810372,
    0.0009990232305719946,
    0.0009978031724785247,
    0.0009960967771506667,
    0.0009939057285945933,
    0.0009912321891107012,
    0.0009880787971596802,
    0.0009844486647586726,
    0.000980345374410087,
    0.0009757729755661012,
    0.0009707359806323418,
    0.0009652393605146846,
    0.0009592885397135708,
    0.0009528893909706799,
    0.0009460482294732424,
    0.0009387718066217127,
    0.0009310673033669524,
    0.0009229423231234977,
    0.0009144048842659084
  ]
}