{
  "train_loss": [
    0.1496126872001827,
    0.017943576953369,
    0.010820602591499015,
    0.008814727189605399,
    9.415371429970724e-05,
    0.00011235680208539705,
    2.1993760834079692e-05,
    2.6803864172520615e-05,
    3.717039292751017e-05,
    5.890140974641843e-05
  ],
  "train_acc": [
    0.9429804284173217,
    0.996609647095084,
    0.9969178609955309,
    0.9973801818462013,
    1.0,
    1.0,
    1.0,
    1.0,
    1.0,
    1.0
  ],
  "val_loss": [
    0.0,
    0.0,
    0.0,
    0.0,
    0.0,
    0.0,
    0.0,
    0.0,
    0.0,
    0.0
  ],
  "val_acc": [
    0.0,
    0.0,
    0.0,
    0.0,
    0.0,
    0.0,
    0.0,
    0.0,
    0.0,
    0.0
  ],
  "lr": [
    0.001,
    0.0009757729755661011,
    0.000905463412215599,
    0.0007959536998847742,
    0.000657963412215599,
    0.000505,
    0.0003520365877844011,
    0.00021404630011522585,
    0.00010453658778440107,
    3.4227024433899005e-05
  ]
}