{
  "model": "cnnlstm",
  "mode": "4class",
  "split": "fault_size_all_loads",
  "seed": 42,
  "parameters": 711876,
  "epochs_trained": 10,
  "best_val_acc": 1.0,
  "best_epoch": 7,
  "test_metrics": {
    "accuracy": 0.6208317721993256,
    "macro_precision": 0.5994249798442058,
    "macro_recall": 0.640320967448627,
    "macro_f1": 0.5754875411969688,
    "macro_auroc": 0.7670923634549508,
    "per_class_metrics": {
      "Normal": {
        "precision": 1.0,
        "recall": 1.0,
        "f1": 1.0,
        "support": 558
      },
      "Ball": {
        "precision": 0.4100761570005858,
        "recall": 0.9929078014184397,
        "f1": 0.5804311774461028,
        "support": 705
      },
      "IR": {
        "precision": 0.9876237623762376,
        "recall": 0.5683760683760684,
        "f1": 0.7215189873417721,
        "support": 702
      },
      "OR": {
        "precision": 0.0,
        "recall": 0.0,
        "f1": 0.0,
        "support": 704
      }
    },
    "confusion_matrix": [
      [
        558,
        0,
        0,
        0
      ],
      [
        0,
        700,
        5,
        0
      ],
      [
        0,
        303,
        399,
        0
      ],
      [
        0,
        704,
        0,
        0
      ]
    ]
  },
  "noise_robustness": null,
  "kfold_cv": {
    "fold_results": [
      {
        "fold": 1,
        "best_val_acc": 1.0,
        "best_epoch": 5,
        "epochs_trained": 20,
        "final_val_loss": 0.0026101733887856473
      },
      {
        "fold": 2,
        "best_val_acc": 1.0,
        "best_epoch": 4,
        "epochs_trained": 19,
        "final_val_loss": 0.00012238739783867886
      },
      {
        "fold": 3,
        "best_val_acc": 1.0,
        "best_epoch": 3,
        "epochs_trained": 18,
        "final_val_loss": 1.4384253685424209e-08
      }
    ],
    "mean_val_acc": 1.0,
    "std_val_acc": 0.0,
    "mean_best_epoch": 4.0,
    "median_best_epoch": 4,
    "optimal_epochs": 10,
    "n_folds": 3
  },
  "timestamp": "2025-12-21T13:11:31.834223"
}