{
  "train_loss": [
    0.0981864104104776,
    9.150524327940904e-05,
    0.036628786916479486,
    0.002725729741167081,
    0.0011866833675096015,
    0.0008624596830882197,
    8.294119761249225e-05,
    2.7542740266512533e-05,
    2.929830528952146e-05,
    4.948185629568552e-06
  ],
  "train_acc": [
    0.9602404068423486,
    1.0,
    0.9938357219910618,
    0.9998458930497766,
    0.9996917860995531,
    0.9996917860995531,
    1.0,
    1.0,
    1.0,
    1.0
  ],
  "val_loss": [
    0.0,
    0.0,
    0.0,
    0.0,
    0.0,
    0.0,
    0.0,
    0.0,
    0.0,
    0.0
  ],
  "val_acc": [
    0.0,
    0.0,
    0.0,
    0.0,
    0.0,
    0.0,
    0.0,
    0.0,
    0.0,
    0.0
  ],
  "lr": [
    0.001,
    0.0009757729755661011,
    0.000905463412215599,
    0.0007959536998847742,
    0.000657963412215599,
    0.000505,
    0.0003520365877844011,
    0.00021404630011522585,
    0.00010453658778440107,
    3.4227024433899005e-05
  ]
}