{
  "model": "lstm",
  "mode": "4class",
  "split": "fault_size_all_loads",
  "seed": 456,
  "parameters": 631940,
  "epochs_trained": 10,
  "best_val_acc": 1.0,
  "best_epoch": 10,
  "test_metrics": {
    "accuracy": 0.4765829898838516,
    "macro_precision": 0.583848715509039,
    "macro_recall": 0.5032051282051282,
    "macro_f1": 0.38190802379223726,
    "macro_auroc": 0.7154395672759973,
    "per_class_metrics": {
      "Normal": {
        "precision": 1.0,
        "recall": 1.0,
        "f1": 1.0,
        "support": 558
      },
      "Ball": {
        "precision": 0.33539486203615604,
        "recall": 1.0,
        "f1": 0.5023156394727467,
        "support": 705
      },
      "IR": {
        "precision": 1.0,
        "recall": 0.01282051282051282,
        "f1": 0.02531645569620253,
        "support": 702
      },
      "OR": {
        "precision": 0.0,
        "recall": 0.0,
        "f1": 0.0,
        "support": 704
      }
    },
    "confusion_matrix": [
      [
        558,
        0,
        0,
        0
      ],
      [
        0,
        705,
        0,
        0
      ],
      [
        0,
        693,
        9,
        0
      ],
      [
        0,
        704,
        0,
        0
      ]
    ]
  },
  "noise_robustness": null,
  "kfold_cv": {
    "fold_results": [
      {
        "fold": 1,
        "best_val_acc": 1.0,
        "best_epoch": 1,
        "epochs_trained": 16,
        "final_val_loss": 1.8738365948026323e-09
      },
      {
        "fold": 2,
        "best_val_acc": 1.0,
        "best_epoch": 1,
        "epochs_trained": 16,
        "final_val_loss": 5.524012285836891e-07
      },
      {
        "fold": 3,
        "best_val_acc": 1.0,
        "best_epoch": 4,
        "epochs_trained": 19,
        "final_val_loss": 6.723729923166855e-09
      }
    ],
    "mean_val_acc": 1.0,
    "std_val_acc": 0.0,
    "mean_best_epoch": 2.0,
    "median_best_epoch": 1,
    "optimal_epochs": 10,
    "n_folds": 3
  },
  "timestamp": "2025-12-21T13:06:22.787655"
}