{
  "train_loss": [
    0.4942435590413013,
    0.04349016735885534,
    0.011633612127407024,
    0.003455917678470006,
    0.009237986920609951,
    0.015254328297546551,
    0.006866538052181108,
    0.006961328352838674,
    0.017737023330660868,
    0.0017885401617870802,
    5.074019424916776e-05,
    0.00014349554737804067,
    6.48241036594967e-05,
    1.7272851727594852e-05,
    0.00017779653557473628,
    3.778860089641016e-05,
    2.8934784267661892e-05,
    1.5689318253104963e-05
  ],
  "train_acc": [
    0.7898789878987899,
    0.9862486248624862,
    0.995049504950495,
    0.9994499449944995,
    0.9983498349834984,
    0.995049504950495,
    0.9966996699669967,
    0.9977997799779978,
    0.9944994499449945,
    0.9994499449944995,
    1.0,
    1.0,
    1.0,
    1.0,
    1.0,
    1.0,
    1.0,
    1.0
  ],
  "val_loss": [
    1.5528009914044176,
    0.02937517533438037,
    0.0005460601999518211,
    0.01393451174097746,
    0.015838299877103022,
    0.036605521167262955,
    2.377372960680923e-05,
    0.03487866015348118,
    2.8080631360179878e-05,
    0.00011103324627198484,
    4.192137171046952e-05,
    1.1192035821724051e-05,
    1.4090523899527629e-05,
    1.0194970689044443e-05,
    1.037958949166647e-05,
    6.256184398074909e-06,
    2.3054389265240715e-06,
    1.8937226134557517e-06
  ],
  "val_acc": [
    0.5463917525773195,
    0.9845360824742269,
    1.0,
    0.9982817869415808,
    0.9965635738831615,
    0.9914089347079038,
    1.0,
    0.993127147766323,
    1.0,
    1.0,
    1.0,
    1.0,
    1.0,
    1.0,
    1.0,
    1.0,
    1.0,
    1.0
  ],
  "lr": [
    0.001,
    0.0009997557473810372,
    0.0009990232305719946,
    0.0009978031724785247,
    0.0009960967771506667,
    0.0009939057285945933,
    0.0009912321891107012,
    0.0009880787971596802,
    0.0009844486647586726,
    0.000980345374410087,
    0.0009757729755661012,
    0.0009707359806323418,
    0.0009652393605146846,
    0.0009592885397135708,
    0.0009528893909706799,
    0.0009460482294732424,
    0.0009387718066217127,
    0.0009310673033669524
  ]
}