{
  "train_loss": [
    0.31628374139954707,
    0.10802176704041523,
    0.05565434605305727,
    0.03738765405296664,
    0.027585469112247987,
    0.02060566912250905,
    0.018363225642068715,
    0.013368576176686731,
    0.011179932933785842,
    0.012404863802277816,
    0.009108711167823223,
    0.006917671080880208,
    0.0064395365555980095,
    0.007134708728792545,
    0.00633623798665289,
    0.006559578076379291,
    0.005547970482061399,
    0.005271353648645675,
    0.0054800214376808645
  ],
  "train_acc": [
    0.6766836184311913,
    0.9083063646170443,
    0.9597780859916782,
    0.9733394976113423,
    0.9808907381722916,
    0.9844351980274311,
    0.9862844814301125,
    0.9922946524888272,
    0.9913700107874865,
    0.9905994760363692,
    0.9941439358915087,
    0.9964555401448605,
    0.9961473262444136,
    0.9956850053937433,
    0.996609647095084,
    0.9956850053937433,
    0.9973801818462013,
    0.9964555401448605,
    0.9967637540453075
  ],
  "val_loss": [
    0.0,
    0.0,
    0.0,
    0.0,
    0.0,
    0.0,
    0.0,
    0.0,
    0.0,
    0.0,
    0.0,
    0.0,
    0.0,
    0.0,
    0.0,
    0.0,
    0.0,
    0.0,
    0.0
  ],
  "val_acc": [
    0.0,
    0.0,
    0.0,
    0.0,
    0.0,
    0.0,
    0.0,
    0.0,
    0.0,
    0.0,
    0.0,
    0.0,
    0.0,
    0.0,
    0.0,
    0.0,
    0.0,
    0.0,
    0.0
  ],
  "lr": [
    0.001,
    0.0009932488451843476,
    0.0009731795346418141,
    0.000940339506847212,
    0.0008956245521512149,
    0.000840254377954742,
    0.0007757393382706013,
    0.0007038392352032199,
    0.0006265153161346956,
    0.0005458767760088046,
    0.00046412322399119553,
    0.00038348468386530457,
    0.00030616076479678014,
    0.00023426066172939857,
    0.00016974562204525822,
    0.0001143754478487852,
    6.966049315278795e-05,
    3.68204653581858e-05,
    1.675115481565245e-05
  ]
}