{
  "model": "cnn",
  "mode": "multilabel",
  "split": "fault_size_all_loads",
  "seed": 123,
  "parameters": 44163,
  "epochs_trained": 19,
  "best_val_acc": 0.9964555401448605,
  "best_epoch": 18,
  "test_metrics": {
    "macro_auroc": 0.761488292491034,
    "per_class_auroc": {
      "Ball": 0.9335868324883361,
      "IR": 0.868033376930174,
      "OR": 0.48284466805459175,
      "macro": 0.761488292491034
    },
    "per_class_metrics": {
      "Ball": {
        "precision": 0.6491596638655462,
        "recall": 0.8765957446808511,
        "f1": 0.7459263729631865,
        "auroc": 0.9335868324883361
      },
      "IR": {
        "precision": 0.6678966789667896,
        "recall": 0.5156695156695157,
        "f1": 0.5819935691318328,
        "auroc": 0.868033376930174
      },
      "OR": {
        "precision": 0.0,
        "recall": 0.0,
        "f1": 0.0,
        "auroc": 0.48284466805459175
      }
    }
  },
  "noise_robustness": null,
  "kfold_cv": {
    "fold_results": [
      {
        "fold": 1,
        "best_val_acc": 1.0,
        "best_epoch": 25,
        "epochs_trained": 45,
        "final_val_loss": 0.0007334578156857128
      },
      {
        "fold": 2,
        "best_val_acc": 1.0,
        "best_epoch": 19,
        "epochs_trained": 34,
        "final_val_loss": 0.001256731765628394
      },
      {
        "fold": 3,
        "best_val_acc": 1.0,
        "best_epoch": 9,
        "epochs_trained": 24,
        "final_val_loss": 0.005261945153130636
      }
    ],
    "mean_val_acc": 1.0,
    "std_val_acc": 0.0,
    "mean_best_epoch": 17.666666666666668,
    "median_best_epoch": 19,
    "optimal_epochs": 19,
    "n_folds": 3
  },
  "timestamp": "2025-12-21T13:03:20.448785"
}