{
  "train_loss": [
    0.3444967282683936,
    0.1029660838960421,
    0.050705435278039626,
    0.024657619586347615,
    0.01472190842773956,
    0.003911137826253052,
    0.02447411970146271,
    0.013338850390254925,
    0.0061494593306799855,
    0.014760734817311291,
    0.0012485829027773295,
    0.0005221212030255478,
    0.0008778761788386311,
    0.000371454602556578,
    0.000505034205064739,
    0.0004631340665636713,
    0.0006423549673072297,
    0.0004382061464473174,
    0.0001707246161084694,
    0.00038361210646495363,
    0.00048712407512946577,
    0.01159271093116497,
    0.015818201902714876
  ],
  "train_acc": [
    0.6078107810781078,
    0.9114411441144115,
    0.9647964796479648,
    0.9818481848184818,
    0.9878987898789879,
    0.9977997799779978,
    0.9906490649064906,
    0.995049504950495,
    0.9966996699669967,
    0.993949394939494,
    0.9994499449944995,
    1.0,
    0.9988998899889989,
    1.0,
    0.9994499449944995,
    0.9994499449944995,
    0.9988998899889989,
    0.9994499449944995,
    1.0,
    0.9994499449944995,
    1.0,
    0.9961496149614961,
    0.9900990099009901
  ],
  "val_loss": [
    0.4285240224376561,
    0.04772553414326798,
    0.02077630885828059,
    0.004784645784097617,
    0.15551135996516613,
    0.003312120298259454,
    0.011201157710358461,
    0.00015027718286718484,
    0.007596940562299531,
    3.755697928016199e-05,
    1.318518190094709e-05,
    6.3858270378949535e-06,
    9.685520317604027e-06,
    7.647480822831618e-06,
    1.9161278077039512e-06,
    8.47012279307622e-06,
    1.6243542598202123e-06,
    3.82262002872884e-06,
    8.225293289155774e-06,
    2.8344755538561765e-06,
    2.1806149855631272e-05,
    0.009107449782633628,
    0.00025918900163053734
  ],
  "val_acc": [
    0.6804123711340206,
    0.9725085910652921,
    0.9862542955326461,
    0.9982817869415808,
    0.9226804123711341,
    1.0,
    0.9948453608247423,
    1.0,
    0.9982817869415808,
    1.0,
    1.0,
    1.0,
    1.0,
    1.0,
    1.0,
    1.0,
    1.0,
    1.0,
    1.0,
    1.0,
    1.0,
    0.9948453608247423,
    1.0
  ],
  "lr": [
    0.001,
    0.0009997557473810372,
    0.0009990232305719946,
    0.0009978031724785247,
    0.0009960967771506667,
    0.0009939057285945933,
    0.0009912321891107012,
    0.0009880787971596802,
    0.0009844486647586726,
    0.000980345374410087,
    0.0009757729755661012,
    0.0009707359806323418,
    0.0009652393605146846,
    0.0009592885397135708,
    0.0009528893909706799,
    0.0009460482294732424,
    0.0009387718066217127,
    0.0009310673033669524,
    0.0009229423231234977,
    0.0009144048842659084,
    0.0009054634122155993,
    0.0008961267311259671,
    0.000886404055174016
  ]
}