{
  "train_loss": [
    0.5838333674521073,
    0.19609108529534147,
    0.10146389151252273,
    0.023590268724153846,
    0.005871918168594103,
    0.019065463066349403,
    0.032158823550601436,
    0.027494159715769587,
    0.010774389998764476,
    0.0011723432686703424,
    0.005964006722596162,
    0.02133433229036019,
    0.07465110496849403,
    0.008614855100780089,
    0.008629305444069894,
    0.01131451076741112,
    0.01787658878448724,
    0.02214762772162208,
    0.007397224824563808,
    0.00031751287797135755
  ],
  "train_acc": [
    0.7535753575357536,
    0.935093509350935,
    0.9675467546754676,
    0.988998899889989,
    0.9972497249724972,
    0.9955995599559956,
    0.9917491749174917,
    0.9922992299229924,
    0.9983498349834984,
    0.9994499449944995,
    0.9983498349834984,
    0.9966996699669967,
    0.9812981298129813,
    0.9983498349834984,
    0.9994499449944995,
    0.9961496149614961,
    0.9983498349834984,
    0.9928492849284929,
    0.9961496149614961,
    1.0
  ],
  "val_loss": [
    1.4346160247989552,
    0.2511628918122513,
    0.011333250547546208,
    0.0029998737602086917,
    7.906422456860009e-05,
    0.0004262726810826355,
    0.14645128739421845,
    0.0015010583995364458,
    0.0003066109280846731,
    4.5341161758594114e-05,
    0.13973034580775084,
    0.05829372146579637,
    0.0019503176659794441,
    7.822643989664361e-05,
    2.123885481983193e-06,
    0.009134742657294215,
    0.08167561216088656,
    0.0011608158746888436,
    3.1376188929765596e-05,
    4.802517071741484e-06
  ],
  "val_acc": [
    0.5515463917525774,
    0.9278350515463918,
    0.9982817869415808,
    0.9982817869415808,
    1.0,
    1.0,
    0.9604810996563574,
    1.0,
    1.0,
    1.0,
    0.9845360824742269,
    0.9914089347079038,
    0.9982817869415808,
    1.0,
    1.0,
    0.9965635738831615,
    0.9862542955326461,
    1.0,
    1.0,
    1.0
  ],
  "lr": [
    0.001,
    0.0009997557473810372,
    0.0009990232305719946,
    0.0009978031724785247,
    0.0009960967771506667,
    0.0009939057285945933,
    0.0009912321891107012,
    0.0009880787971596802,
    0.0009844486647586726,
    0.000980345374410087,
    0.0009757729755661012,
    0.0009707359806323418,
    0.0009652393605146846,
    0.0009592885397135708,
    0.0009528893909706799,
    0.0009460482294732424,
    0.0009387718066217127,
    0.0009310673033669524,
    0.0009229423231234977,
    0.0009144048842659084
  ]
}