{
  "train_loss": [
    1.321907853398255,
    0.30790945512987467,
    0.06575634665746238,
    0.02683479353484295,
    0.014774094067268817,
    0.024007184972319302,
    0.004567754767528798,
    0.0040358866795967155,
    0.002396145205576192,
    0.0009730079682863152,
    0.001767798454478931,
    0.0008213743230093228,
    0.0002744674352485619,
    0.0026880791159041855,
    0.001323668586231532,
    0.004523231950265149,
    0.0005793834879047966,
    0.0004650649975915393,
    0.000197173168918349,
    0.0018358961882607111,
    0.00046687934356951,
    0.00011342121390275884,
    0.00045093448796459435,
    0.006897377015673363,
    0.004634794291320546,
    0.01543612825803098
  ],
  "train_acc": [
    0.522002200220022,
    0.8960396039603961,
    0.9812981298129813,
    0.9895489548954896,
    0.9944994499449945,
    0.9917491749174917,
    0.9977997799779978,
    0.9994499449944995,
    0.9994499449944995,
    1.0,
    0.9994499449944995,
    1.0,
    1.0,
    0.9988998899889989,
    1.0,
    0.9988998899889989,
    1.0,
    1.0,
    1.0,
    0.9994499449944995,
    1.0,
    1.0,
    0.9994499449944995,
    0.9988998899889989,
    0.9983498349834984,
    0.9966996699669967
  ],
  "val_loss": [
    1.663961542180989,
    0.050926599837793345,
    0.027040435669156013,
    0.019836114677476372,
    0.002129442289393391,
    0.03485613600214897,
    0.029896718776602303,
    0.01910708904059374,
    0.01765629275855659,
    0.0013718337138806797,
    0.0005737007597434755,
    0.0003188202031130437,
    0.016470185410002093,
    0.020087426047132026,
    0.006607200538528665,
    0.11214600839433814,
    9.473375703340538e-05,
    5.566020513527374e-05,
    0.00015114767185079418,
    0.0006296911576328472,
    0.0004743122545323385,
    0.0007710648359529579,
    0.0021206234724688764,
    0.03878532024260327,
    0.0007070954003440555,
    0.06351401042277685
  ],
  "val_acc": [
    0.47766323024054985,
    0.993127147766323,
    0.993127147766323,
    0.9948453608247423,
    1.0,
    0.9914089347079038,
    0.9982817869415808,
    0.9982817869415808,
    0.9965635738831615,
    1.0,
    1.0,
    1.0,
    0.9982817869415808,
    0.9982817869415808,
    0.9982817869415808,
    0.9759450171821306,
    1.0,
    1.0,
    1.0,
    1.0,
    1.0,
    1.0,
    0.9982817869415808,
    0.9948453608247423,
    1.0,
    0.9845360824742269
  ],
  "lr": [
    0.001,
    0.0009997557473810372,
    0.0009990232305719946,
    0.0009978031724785247,
    0.0009960967771506667,
    0.0009939057285945933,
    0.0009912321891107012,
    0.0009880787971596802,
    0.0009844486647586726,
    0.000980345374410087,
    0.0009757729755661012,
    0.0009707359806323418,
    0.0009652393605146846,
    0.0009592885397135708,
    0.0009528893909706799,
    0.0009460482294732424,
    0.0009387718066217127,
    0.0009310673033669524,
    0.0009229423231234977,
    0.0009144048842659084,
    0.0009054634122155993,
    0.0008961267311259671,
    0.000886404055174016,
    0.0008763049794670778,
    0.000865839470573599,
    0.0008550178566873413
  ]
}