{
  "train_loss": [
    0.15165139538310093,
    0.01508696208924565,
    0.007613844791843818,
    9.952155195556688e-05,
    6.481222456152958e-05,
    0.00114256565223099,
    0.0006727248558300062,
    7.944082866627202e-05,
    0.00011650318757764675,
    6.523983930415302e-05
  ],
  "train_acc": [
    0.941747572815534,
    0.9956850053937433,
    0.998304823547542,
    1.0,
    1.0,
    0.9993835721991062,
    0.9998458930497766,
    1.0,
    1.0,
    1.0
  ],
  "val_loss": [
    0.0,
    0.0,
    0.0,
    0.0,
    0.0,
    0.0,
    0.0,
    0.0,
    0.0,
    0.0
  ],
  "val_acc": [
    0.0,
    0.0,
    0.0,
    0.0,
    0.0,
    0.0,
    0.0,
    0.0,
    0.0,
    0.0
  ],
  "lr": [
    0.001,
    0.0009757729755661011,
    0.000905463412215599,
    0.0007959536998847742,
    0.000657963412215599,
    0.000505,
    0.0003520365877844011,
    0.00021404630011522585,
    0.00010453658778440107,
    3.4227024433899005e-05
  ]
}