{
  "model": "cnnlstm",
  "mode": "4class",
  "split": "fault_size_all_loads",
  "seed": 789,
  "parameters": 711876,
  "epochs_trained": 10,
  "best_val_acc": 1.0,
  "best_epoch": 5,
  "test_metrics": {
    "accuracy": 0.5069314349943799,
    "macro_precision": 0.5797186720698254,
    "macro_recall": 0.532055828332424,
    "macro_f1": 0.43779097189468136,
    "macro_auroc": 0.7504616919822419,
    "per_class_metrics": {
      "Normal": {
        "precision": 1.0,
        "recall": 1.0,
        "f1": 1.0,
        "support": 558
      },
      "Ball": {
        "precision": 0.35012468827930177,
        "recall": 0.9957446808510638,
        "f1": 0.5180811808118081,
        "support": 705
      },
      "IR": {
        "precision": 0.96875,
        "recall": 0.13247863247863248,
        "f1": 0.23308270676691728,
        "support": 702
      },
      "OR": {
        "precision": 0.0,
        "recall": 0.0,
        "f1": 0.0,
        "support": 704
      }
    },
    "confusion_matrix": [
      [
        558,
        0,
        0,
        0
      ],
      [
        0,
        702,
        3,
        0
      ],
      [
        0,
        599,
        93,
        10
      ],
      [
        0,
        704,
        0,
        0
      ]
    ]
  },
  "noise_robustness": null,
  "kfold_cv": {
    "fold_results": [
      {
        "fold": 1,
        "best_val_acc": 1.0,
        "best_epoch": 5,
        "epochs_trained": 20,
        "final_val_loss": 2.2345371509915527e-06
      },
      {
        "fold": 2,
        "best_val_acc": 1.0,
        "best_epoch": 4,
        "epochs_trained": 19,
        "final_val_loss": 0.0
      },
      {
        "fold": 3,
        "best_val_acc": 1.0,
        "best_epoch": 5,
        "epochs_trained": 20,
        "final_val_loss": 7.715805314234327e-10
      }
    ],
    "mean_val_acc": 1.0,
    "std_val_acc": 0.0,
    "mean_best_epoch": 4.666666666666667,
    "median_best_epoch": 5,
    "optimal_epochs": 10,
    "n_folds": 3
  },
  "timestamp": "2025-12-21T13:13:06.896992"
}