{
  "train_loss": [
    0.5857074879872131,
    0.16356761204396406,
    0.059892697286422235,
    0.09926966700305377,
    0.032085758480228016,
    0.02162141734437056,
    0.014620633603800965,
    0.006789369914356767,
    0.007470756436683443,
    0.010117696548777321,
    0.004706974818460052,
    0.006925701960094342,
    0.010672760715296584,
    0.01735684782020979,
    0.0069105115946175065,
    0.0017696872228333662,
    0.0024406279495557655,
    0.001868596577437394,
    0.004947240663801791,
    0.013024624609547725,
    0.005571300443818865,
    0.004759443217882999,
    0.0027948691676630876,
    0.0001816815920202297
  ],
  "train_acc": [
    0.7343234323432343,
    0.9488448844884488,
    0.9796479647964796,
    0.9713971397139713,
    0.9933993399339934,
    0.9928492849284929,
    0.9955995599559956,
    0.9977997799779978,
    0.9977997799779978,
    0.9983498349834984,
    0.9988998899889989,
    0.9983498349834984,
    0.9972497249724972,
    0.9966996699669967,
    0.9988998899889989,
    0.9994499449944995,
    0.9988998899889989,
    0.9988998899889989,
    0.9966996699669967,
    0.9977997799779978,
    0.9988998899889989,
    0.9988998899889989,
    0.9994499449944995,
    1.0
  ],
  "val_loss": [
    1.261764389363431,
    0.06826869876456847,
    0.3347473854082914,
    0.0032942272446982858,
    0.0179303011408027,
    0.02120770541486717,
    0.001574959700262522,
    0.010615076551521508,
    9.109586128086048e-05,
    0.0023352848076798444,
    0.03960948997336004,
    0.08045887269535845,
    0.028247460128319777,
    0.002840291357063091,
    0.012625241829954484,
    0.008901460212392806,
    0.008415169028724799,
    0.0009211102319834114,
    0.0050661613957695174,
    0.017530025368114523,
    0.012410039572841924,
    0.03082857871466828,
    0.018151671258275416,
    0.037629668605420344
  ],
  "val_acc": [
    0.6890034364261168,
    0.979381443298969,
    0.8625429553264605,
    0.9965635738831615,
    0.993127147766323,
    0.9948453608247423,
    0.9982817869415808,
    0.9965635738831615,
    1.0,
    1.0,
    0.979381443298969,
    0.993127147766323,
    0.9965635738831615,
    0.9982817869415808,
    0.9965635738831615,
    0.9982817869415808,
    0.9982817869415808,
    1.0,
    0.9982817869415808,
    0.9982817869415808,
    0.9965635738831615,
    0.9965635738831615,
    0.9982817869415808,
    0.9965635738831615
  ],
  "lr": [
    0.001,
    0.0009997557473810372,
    0.0009990232305719946,
    0.0009978031724785247,
    0.0009960967771506667,
    0.0009939057285945933,
    0.0009912321891107012,
    0.0009880787971596802,
    0.0009844486647586726,
    0.000980345374410087,
    0.0009757729755661012,
    0.0009707359806323418,
    0.0009652393605146846,
    0.0009592885397135708,
    0.0009528893909706799,
    0.0009460482294732424,
    0.0009387718066217127,
    0.0009310673033669524,
    0.0009229423231234977,
    0.0009144048842659084,
    0.0009054634122155993,
    0.0008961267311259671,
    0.000886404055174016,
    0.0008763049794670778
  ]
}