{
  "train_loss": [
    0.3176612168163508,
    0.0856653842482325,
    0.03863931318591677,
    0.01738789071930445,
    0.019512525792332112,
    0.015700461504564302,
    0.01998119917902346,
    0.010192783544938442,
    0.016505438632978417,
    0.0032597611978907415,
    0.003744224322496796,
    0.008853516900533464,
    0.002612660720426911,
    0.0016127828040074295,
    0.021789742696723815,
    0.0007945033914824731,
    0.0006522634558390759,
    0.0013378059753244992
  ],
  "train_acc": [
    0.8653253951960583,
    0.9733114350236091,
    0.9874769041264627,
    0.9952781769657154,
    0.9952781769657154,
    0.99548347361938,
    0.9952781769657154,
    0.99774173680969,
    0.9967152535413673,
    0.9991788133853419,
    0.9993841100390064,
    0.9987682200780127,
    0.9995894066926709,
    0.9995894066926709,
    0.9946622870047218,
    0.9997947033463355,
    0.9997947033463355,
    0.9997947033463355
  ],
  "val_loss": [
    0.02251475437558938,
    0.013166582276360564,
    0.0008389921275955022,
    0.001955689526598168,
    0.008069444035092072,
    0.00830337851811736,
    0.00912156561000022,
    4.6123467871804734e-05,
    3.582978964307889e-05,
    2.9157325818245775e-05,
    0.00027861520389043737,
    2.3776380272408425e-05,
    1.8974882655177823e-06,
    0.0011246608580892025,
    1.523777694643611e-05,
    1.2679537194336147e-06,
    1.9010023436062467e-06,
    0.0006354426727711746
  ],
  "val_acc": [
    0.9948453608247423,
    0.993127147766323,
    1.0,
    0.9991408934707904,
    0.9965635738831615,
    0.9974226804123711,
    0.9974226804123711,
    1.0,
    1.0,
    1.0,
    1.0,
    1.0,
    1.0,
    0.9991408934707904,
    1.0,
    1.0,
    1.0,
    1.0
  ],
  "lr": [
    0.001,
    0.0009997557473810372,
    0.0009990232305719946,
    0.0009978031724785247,
    0.0009960967771506667,
    0.0009939057285945933,
    0.0009912321891107012,
    0.0009880787971596802,
    0.0009844486647586726,
    0.000980345374410087,
    0.0009757729755661012,
    0.0009707359806323418,
    0.0009652393605146846,
    0.0009592885397135708,
    0.0009528893909706799,
    0.0009460482294732424,
    0.0009387718066217127,
    0.0009310673033669524
  ]
}