{
  "model": "cnnlstm",
  "mode": "4class",
  "split": "cross_load",
  "seed": 1024,
  "parameters": 711876,
  "epochs_trained": 18,
  "best_val_acc": 1.0,
  "best_epoch": 3,
  "test_metrics": {
    "accuracy": 0.9954263312642927,
    "macro_precision": 0.9951189276753789,
    "macro_recall": 0.995042492917847,
    "macro_f1": 0.9950416161095307,
    "macro_auroc": 0.9999936838066967,
    "per_class_metrics": {
      "Normal": {
        "precision": 1.0,
        "recall": 1.0,
        "f1": 1.0,
        "support": 945
      },
      "Ball": {
        "precision": 0.9985815602836879,
        "recall": 1.0,
        "f1": 0.9992902767920511,
        "support": 704
      },
      "IR": {
        "precision": 1.0,
        "recall": 0.9815864022662889,
        "f1": 0.9907076483202287,
        "support": 706
      },
      "OR": {
        "precision": 0.9818941504178273,
        "recall": 0.9985835694050992,
        "f1": 0.9901685393258427,
        "support": 706
      }
    },
    "confusion_matrix": [
      [
        945,
        0,
        0,
        0
      ],
      [
        0,
        704,
        0,
        0
      ],
      [
        0,
        0,
        693,
        13
      ],
      [
        0,
        1,
        0,
        705
      ]
    ]
  },
  "noise_robustness": null,
  "kfold_cv": null,
  "timestamp": "2025-12-21T13:14:40.351956"
}