{
  "train_loss": [
    1.2860472229841124,
    0.679040359322912,
    0.30499910023083915,
    0.23206427781888755,
    0.12476545773299023,
    0.09043894826595408,
    0.07543204447441008,
    0.03531840131735907,
    0.054418271716901306,
    0.025696668784775462,
    0.022214941909932198,
    0.04627348313812982,
    0.03446525491185474,
    0.02081567448795936,
    0.017673527944641224,
    0.020288423856882207,
    0.0017677588163945738,
    0.001946912960026913,
    0.000726950272365255,
    0.0017692282967135204,
    0.0005245207910903277,
    0.0008235226097907072,
    0.0045583546855469,
    0.01010033414961744,
    0.009580539701720629,
    0.010721428742053491,
    0.006692264709512553,
    0.005504767789607365,
    0.008576549584479138
  ],
  "train_acc": [
    0.5088008800880088,
    0.7475247524752475,
    0.8976897689768977,
    0.9328932893289329,
    0.9658965896589659,
    0.976897689768977,
    0.9757975797579758,
    0.9878987898789879,
    0.9856985698569857,
    0.9922992299229924,
    0.9933993399339934,
    0.9845984598459846,
    0.993949394939494,
    0.995049504950495,
    0.9972497249724972,
    0.995049504950495,
    1.0,
    0.9994499449944995,
    1.0,
    0.9994499449944995,
    1.0,
    1.0,
    0.9988998899889989,
    0.9977997799779978,
    0.9961496149614961,
    0.9983498349834984,
    0.9988998899889989,
    0.9983498349834984,
    0.9983498349834984
  ],
  "val_loss": [
    2.209231256209554,
    0.5200707234979904,
    0.11851425449719134,
    0.20608495395627396,
    0.03545573707808992,
    0.017348706194302534,
    0.02047351094423843,
    0.093844877395439,
    0.020504092063265283,
    0.06482182021922593,
    0.0038748262135512666,
    0.08668377127055167,
    0.01654283726198828,
    9.476625069195502e-05,
    0.01075151568543761,
    0.0005805104106338527,
    4.937495900917056e-05,
    0.0008585098180392742,
    7.4528583748351315e-06,
    7.321071107196492e-06,
    0.010518262695194985,
    0.0030850765555426518,
    9.562324361204444e-05,
    0.03570081365112057,
    0.017154416372543915,
    0.00048494373698816293,
    0.0032281157907257142,
    0.08532552268102715,
    0.0008693937048829023
  ],
  "val_acc": [
    0.4054982817869416,
    0.8676975945017182,
    0.9707903780068728,
    0.9415807560137457,
    0.9914089347079038,
    0.9965635738831615,
    0.9896907216494846,
    0.9776632302405498,
    0.9965635738831615,
    0.9845360824742269,
    0.9982817869415808,
    0.979381443298969,
    0.9948453608247423,
    1.0,
    0.9965635738831615,
    1.0,
    1.0,
    1.0,
    1.0,
    1.0,
    0.9948453608247423,
    0.9982817869415808,
    1.0,
    0.9896907216494846,
    0.9982817869415808,
    1.0,
    0.9982817869415808,
    0.9845360824742269,
    1.0
  ],
  "lr": [
    0.001,
    0.0009997557473810372,
    0.0009990232305719946,
    0.0009978031724785247,
    0.0009960967771506667,
    0.0009939057285945933,
    0.0009912321891107012,
    0.0009880787971596802,
    0.0009844486647586726,
    0.000980345374410087,
    0.0009757729755661012,
    0.0009707359806323418,
    0.0009652393605146846,
    0.0009592885397135708,
    0.0009528893909706799,
    0.0009460482294732424,
    0.0009387718066217127,
    0.0009310673033669524,
    0.0009229423231234977,
    0.0009144048842659084,
    0.0009054634122155993,
    0.0008961267311259671,
    0.000886404055174016,
    0.0008763049794670778,
    0.000865839470573599,
    0.0008550178566873413,
    0.0008438508174347012,
    0.000832349373335208,
    0.0008205248749256018
  ]
}