{
  "train_loss": [
    1.6548316650527015,
    1.0910288829876906,
    0.8729544219010734,
    0.7327968696556469,
    0.6178338246049137,
    0.5264796035976955,
    0.5229313223734416,
    0.44931990649178216,
    0.3809865893769448,
    0.3556579453061254,
    0.34036778052910194,
    0.2848955468572799,
    0.2850668946705242,
    0.2749730298096853,
    0.2329005393126879,
    0.2325739632345269,
    0.20859969072084877,
    0.18135508947377682,
    0.16446063024113805,
    0.1541916484584903,
    0.14593546080215536,
    0.13992506519730466,
    0.1278634447731463,
    0.11692035318289784,
    0.11893831947521277,
    0.10601454666673285,
    0.09611104614008116,
    0.10340353489184406,
    0.09346283736205337,
    0.09105239402015086,
    0.07367121635621661,
    0.06437351050550001,
    0.07484199457501683,
    0.06983838460282131,
    0.06720243697643805,
    0.06455165578300344,
    0.05443668693131936,
    0.05877074886961739,
    0.05247064447491476,
    0.05472886682630438,
    0.055923996782145484,
    0.05291354141481901,
    0.048544859482903685,
    0.0508854478204211,
    0.048746224628029876,
    0.038910590755631295,
    0.03917578831560934,
    0.04566763405359224,
    0.04499850547549748,
    0.03980395619576127,
    0.03596864283347156,
    0.03331447648431602,
    0.036157073369055034,
    0.04183608402341309,
    0.03864466277441897,
    0.029121464296634442,
    0.024104651506289397,
    0.039422281799536725,
    0.02759799299550594,
    0.02884615654058189,
    0.030354096512212873,
    0.029146750866383214,
    0.02771196940583889,
    0.027750042208743962
  ],
  "train_acc": [
    0.44334433443344334,
    0.6017601760176018,
    0.6908690869086909,
    0.7568756875687569,
    0.8052805280528053,
    0.8399339933993399,
    0.8228822882288229,
    0.8624862486248625,
    0.8910891089108911,
    0.8943894389438944,
    0.8932893289328933,
    0.9196919691969196,
    0.9136413641364136,
    0.9152915291529153,
    0.9306930693069307,
    0.9328932893289329,
    0.933993399339934,
    0.9521452145214522,
    0.9587458745874587,
    0.9515951595159516,
    0.9614961496149615,
    0.9603960396039604,
    0.9625962596259626,
    0.9664466446644664,
    0.9741474147414741,
    0.9724972497249725,
    0.9790979097909791,
    0.9741474147414741,
    0.9746974697469747,
    0.9741474147414741,
    0.9823982398239824,
    0.9878987898789879,
    0.9790979097909791,
    0.9807480748074807,
    0.9801980198019802,
    0.9818481848184818,
    0.9895489548954896,
    0.9862486248624862,
    0.9867986798679867,
    0.9851485148514851,
    0.9862486248624862,
    0.9845984598459846,
    0.9878987898789879,
    0.9884488448844885,
    0.9884488448844885,
    0.9895489548954896,
    0.9917491749174917,
    0.9873487348734874,
    0.9884488448844885,
    0.9900990099009901,
    0.9933993399339934,
    0.9922992299229924,
    0.9911991199119912,
    0.9900990099009901,
    0.9884488448844885,
    0.9944994499449945,
    0.9961496149614961,
    0.9900990099009901,
    0.995049504950495,
    0.995049504950495,
    0.995049504950495,
    0.9922992299229924,
    0.9933993399339934,
    0.993949394939494
  ],
  "val_loss": [
    3.6558841618091584,
    1.1504528147018038,
    0.7501038712324556,
    0.5578596113006428,
    0.5098224610243876,
    0.3507954177328248,
    0.3373779332988553,
    0.2775917310376501,
    0.25079449072409793,
    0.312527533795819,
    0.16036267706538676,
    0.19414220746491373,
    0.16810835810110958,
    0.5774546765888956,
    0.1813440699581556,
    0.10616947944404852,
    0.1000311565771459,
    0.13865792118408957,
    0.07788571515508617,
    0.117854875898922,
    0.07180406104720675,
    0.07427259635010612,
    0.07823137427488969,
    0.240986167632253,
    0.035870403243101576,
    0.1426566824266922,
    0.03417139884067561,
    0.03752152762104536,
    0.19169041101057266,
    0.09104538986239245,
    0.0389509796302898,
    0.08800604212271297,
    0.10792773970318216,
    0.03804168057499159,
    0.02609022175367118,
    0.04536718261513676,
    0.03530077998697117,
    0.03462759194125474,
    0.08729752736990028,
    0.04068355117404193,
    0.08123624803769124,
    0.05926001292597725,
    0.010286076802303703,
    0.05011719809294143,
    0.011899349987044805,
    0.015394130441138847,
    0.06395079553641557,
    0.0378448773933284,
    0.008747672939437935,
    0.017258863167798157,
    0.022192973830365923,
    0.07110304439150106,
    0.019968523149336417,
    0.033880033720966866,
    0.0122214033471025,
    0.019687463641152373,
    0.0310021331363861,
    0.027151315402123247,
    0.03006986047451382,
    0.021561846106095864,
    0.023980619362132263,
    0.023851017436298465,
    0.010704161899933645,
    0.017420810771045424
  ],
  "val_acc": [
    0.31958762886597936,
    0.6494845360824743,
    0.7474226804123711,
    0.9037800687285223,
    0.8694158075601375,
    0.9312714776632303,
    0.9518900343642611,
    0.9536082474226805,
    0.936426116838488,
    0.9398625429553265,
    0.9862542955326461,
    0.9621993127147767,
    0.9501718213058419,
    0.8195876288659794,
    0.9432989690721649,
    0.9896907216494846,
    0.993127147766323,
    0.9587628865979382,
    0.9845360824742269,
    0.9725085910652921,
    0.9948453608247423,
    0.9810996563573883,
    0.9725085910652921,
    0.8831615120274914,
    0.9965635738831615,
    0.9570446735395189,
    0.9965635738831615,
    0.9948453608247423,
    0.9089347079037801,
    0.9725085910652921,
    0.9914089347079038,
    0.9604810996563574,
    0.9604810996563574,
    0.9896907216494846,
    0.9948453608247423,
    0.9879725085910653,
    0.993127147766323,
    0.9896907216494846,
    0.9707903780068728,
    0.9845360824742269,
    0.9656357388316151,
    0.979381443298969,
    0.9982817869415808,
    0.9879725085910653,
    0.9982817869415808,
    0.9982817869415808,
    0.979381443298969,
    0.9862542955326461,
    1.0,
    0.9982817869415808,
    0.9948453608247423,
    0.9707903780068728,
    0.9965635738831615,
    0.9845360824742269,
    0.9982817869415808,
    0.9965635738831615,
    0.9896907216494846,
    0.993127147766323,
    0.993127147766323,
    0.9948453608247423,
    0.9965635738831615,
    0.993127147766323,
    0.9982817869415808,
    0.9965635738831615
  ],