{
  "train_loss": [
    0.37272182054155173,
    0.08312593251443787,
    0.05288970933377164,
    0.02225515556028424,
    0.016882313617865664,
    0.012804887147721074,
    0.011420105916957732,
    0.008875400179230384,
    0.0072734206021469305,
    0.006377153957857109,
    0.0063449580602776695,
    0.004702501004669926,
    0.003685138650591007,
    0.004128363365264035,
    0.004788790679174938,
    0.0038956430041305885,
    0.004180925072277432,
    0.002808009038351638
  ],
  "train_acc": [
    0.8626907073509015,
    0.9744182462629064,
    0.984743411927878,
    0.993219294190168,
    0.996301433194637,
    0.9970719679457544,
    0.9969178609955309,
    0.998304823547542,
    0.9978425026968716,
    0.9989212513484358,
    0.9984589304977655,
    0.9992294652488827,
    0.9995376791493297,
    0.9990753582986592,
    0.9987671443982123,
    0.9992294652488827,
    0.9989212513484358,
    0.9990753582986592
  ],
  "val_loss": [
    0.0,
    0.0,
    0.0,
    0.0,
    0.0,
    0.0,
    0.0,
    0.0,
    0.0,
    0.0,
    0.0,
    0.0,
    0.0,
    0.0,
    0.0,
    0.0,
    0.0,
    0.0
  ],
  "val_acc": [
    0.0,
    0.0,
    0.0,
    0.0,
    0.0,
    0.0,
    0.0,
    0.0,
    0.0,
    0.0,
    0.0,
    0.0,
    0.0,
    0.0,
    0.0,
    0.0,
    0.0,
    0.0
  ],
  "lr": [
    0.001,
    0.000992479837741043,
    0.0009701478472890247,
    0.0009336825748732972,
    0.000884191999343894,
    0.0008231798667948368,
    0.0007524999999999998,
    0.0006742999709462059,
    0.0005909558479451303,
    0.0005049999999999998,
    0.00041904415205486933,
    0.000335700029053794,
    0.0002575,
    0.00018682013320516294,
    0.0001258080006561059,
    7.631742512670293e-05,
    3.985215271097538e-05,
    1.752016225895703e-05
  ]
}