{
  "model": "cnn",
  "mode": "4class",
  "split": "fault_size_all_loads",
  "seed": 789,
  "parameters": 44228,
  "epochs_trained": 18,
  "best_val_acc": 0.9990753582986592,
  "best_epoch": 18,
  "test_metrics": {
    "accuracy": 0.6654177594604721,
    "macro_precision": 0.5680623842297348,
    "macro_recall": 0.6828877977814147,
    "macro_f1": 0.6097712563530044,
    "macro_auroc": 0.8188716769190103,
    "per_class_metrics": {
      "Normal": {
        "precision": 0.9946524064171123,
        "recall": 1.0,
        "f1": 0.9973190348525469,
        "support": 558
      },
      "Ball": {
        "precision": 0.782608695652174,
        "recall": 0.8170212765957446,
        "f1": 0.7994448299791811,
        "support": 705
      },
      "IR": {
        "precision": 0.49498843484965305,
        "recall": 0.9145299145299145,
        "f1": 0.6423211605802901,
        "support": 702
      },
      "OR": {
        "precision": 0.0,
        "recall": 0.0,
        "f1": 0.0,
        "support": 704
      }
    },
    "confusion_matrix": [
      [
        558,
        0,
        0,
        0
      ],
      [
        3,
        576,
        110,
        16
      ],
      [
        0,
        1,
        642,
        59
      ],
      [
        0,
        159,
        545,
        0
      ]
    ]
  },
  "noise_robustness": null,
  "kfold_cv": {
    "fold_results": [
      {
        "fold": 1,
        "best_val_acc": 1.0,
        "best_epoch": 24,
        "epochs_trained": 36,
        "final_val_loss": 0.0022569904404595997
      },
      {
        "fold": 2,
        "best_val_acc": 1.0,
        "best_epoch": 18,
        "epochs_trained": 26,
        "final_val_loss": 0.0012301750793102537
      },
      {
        "fold": 3,
        "best_val_acc": 1.0,
        "best_epoch": 17,
        "epochs_trained": 32,
        "final_val_loss": 0.011082081352588783
      }
    ],
    "mean_val_acc": 1.0,
    "std_val_acc": 0.0,
    "mean_best_epoch": 19.666666666666668,
    "median_best_epoch": 18,
    "optimal_epochs": 18,
    "n_folds": 3
  },
  "timestamp": "2025-12-21T12:58:59.749479"
}