{
  "train_loss": [
    0.3471920881727741,
    0.14831703043941355,
    0.06427956422497862,
    0.06134828352635753,
    0.031416407643896256,
    0.019837558729526954,
    0.00705902419056604,
    0.012147542979019849,
    0.0046414034838129425,
    0.02975841531861979,
    0.0066708512633372455,
    0.0013394586464845575,
    0.0003537596452242144,
    0.008387579379513106,
    0.0007717037057079891,
    0.004101345801720028,
    0.009598797310796351,
    0.007522283918184574,
    0.0014718057565186536,
    0.0015870530198378637,
    0.00833181758099543
  ],
  "train_acc": [
    0.6193619361936193,
    0.8855885588558856,
    0.9609460946094609,
    0.9675467546754676,
    0.977997799779978,
    0.9906490649064906,
    0.9955995599559956,
    0.993949394939494,
    0.9966996699669967,
    0.9845984598459846,
    0.995049504950495,
    0.9988998899889989,
    1.0,
    0.9972497249724972,
    1.0,
    0.9983498349834984,
    0.9933993399339934,
    0.9972497249724972,
    0.9988998899889989,
    0.9994499449944995,
    0.9983498349834984
  ],
  "val_loss": [
    0.8289252063355494,
    0.2645774714516606,
    0.018519049191717825,
    0.06774411937242684,
    0.002058178533562315,
    0.0002691493105550256,
    0.0004897759478989712,
    0.00021524658279954362,
    0.8626973859047764,
    0.0006193695197905432,
    0.03816433880327352,
    5.401093293745229e-05,
    0.0027278197545838887,
    0.05686692616671578,
    0.00011307654177902719,
    8.317117920355908e-05,
    0.006160365687472502,
    0.006709486650614907,
    0.011592753690364926,
    0.004960863880950681,
    0.0028546256449407436
  ],
  "val_acc": [
    0.5962199312714777,
    0.8505154639175257,
    0.993127147766323,
    0.9604810996563574,
    0.9982817869415808,
    1.0,
    1.0,
    1.0,
    0.8058419243986255,
    1.0,
    0.9725085910652921,
    1.0,
    0.9982817869415808,
    0.9707903780068728,
    1.0,
    1.0,
    0.9948453608247423,
    0.9948453608247423,
    0.9948453608247423,
    0.9948453608247423,
    0.9965635738831615
  ],
  "lr": [
    0.001,
    0.0009997557473810372,
    0.0009990232305719946,
    0.0009978031724785247,
    0.0009960967771506667,
    0.0009939057285945933,
    0.0009912321891107012,
    0.0009880787971596802,
    0.0009844486647586726,
    0.000980345374410087,
    0.0009757729755661012,
    0.0009707359806323418,
    0.0009652393605146846,
    0.0009592885397135708,
    0.0009528893909706799,
    0.0009460482294732424,
    0.0009387718066217127,
    0.0009310673033669524,
    0.0009229423231234977,
    0.0009144048842659084,
    0.0009054634122155993
  ]
}