{
  "train_loss": [
    0.5602177308075237,
    0.347267613060797,
    0.28224262949263695,
    0.231754099067026,
    0.19889451822366389,
    0.16351358359730808,
    0.1356278919544157,
    0.1136444180843198,
    0.1047919138495547,
    0.0942073627093313,
    0.08579102870818674,
    0.07565389889957357,
    0.06349777141780612,
    0.0703351801656785,
    0.057514704071288586,
    0.05415486584123474,
    0.058834005339835474,
    0.04425701770800339,
    0.041808042574850116,
    0.041192375660368846,
    0.033157101775979574,
    0.046359542359744495,
    0.03804765459727926,
    0.033207277735598936,
    0.0337853699766829,
    0.02805930928903969,
    0.02630507507503885,
    0.024762187395408766,
    0.026125352755926624,
    0.022644624997204942,
    0.023229124016313926,
    0.01840506717501202,
    0.02289061108143023,
    0.021396799203586263,
    0.01849710479034449,
    0.0244926324624433,
    0.017732577355900253,
    0.018142964150982,
    0.01828180039270778,
    0.01594734762777852,
    0.016488887155756388,
    0.012332863409002491,
    0.014846662932349116,
    0.016054349755755613,
    0.011693126435941793,
    0.013642422535238487,
    0.015165261165069865,
    0.010004904313777277,
    0.00898124439727896,
    0.011824502985682687,
    0.011846071307939797,
    0.012520643137600294,
    0.009667354415614482,
    0.00972500888910452,
    0.00909235279257148,
    0.01036384087814094,
    0.010663160820654516,
    0.011329013862461672,
    0.009377182763565754,
    0.012942137690496654,
    0.00674005091929044,
    0.008663544164943878,
    0.00802054764855063,
    0.0070148237957337375,
    0.009134930202981294,
    0.008850406397367665,
    0.007832773553353004,
    0.005621523632205884
  ],
  "train_acc": [
    0.4295929592959296,
    0.5781078107810781,
    0.6903190319031903,
    0.7733773377337734,
    0.8102310231023102,
    0.8553355335533553,
    0.8872387238723872,
    0.9042904290429042,
    0.9207920792079208,
    0.9323432343234324,
    0.933993399339934,
    0.9466446644664467,
    0.9515951595159516,
    0.9427942794279428,
    0.9609460946094609,
    0.9620462046204621,
    0.9581958195819582,
    0.9680968096809681,
    0.9746974697469747,
    0.9724972497249725,
    0.9757975797579758,
    0.9686468646864687,
    0.9741474147414741,
    0.9807480748074807,
    0.9763476347634763,
    0.9790979097909791,
    0.9840484048404841,
    0.9840484048404841,
    0.9818481848184818,
    0.9834983498349835,
    0.9873487348734874,
    0.9884488448844885,
    0.9845984598459846,
    0.9862486248624862,
    0.988998899889989,
    0.9818481848184818,
    0.9900990099009901,
    0.988998899889989,
    0.9851485148514851,
    0.9911991199119912,
    0.9884488448844885,
    0.995049504950495,
    0.988998899889989,
    0.9900990099009901,
    0.9917491749174917,
    0.9900990099009901,
    0.9895489548954896,
    0.9944994499449945,
    0.9944994499449945,
    0.993949394939494,
    0.9922992299229924,
    0.9933993399339934,
    0.993949394939494,
    0.9922992299229924,
    0.9933993399339934,
    0.993949394939494,
    0.9933993399339934,
    0.9944994499449945,
    0.995049504950495,
    0.9917491749174917,
    0.9972497249724972,
    0.993949394939494,
    0.9955995599559956,
    0.995049504950495,
    0.9961496149614961,
    0.9944994499449945,
    0.9955995599559956,
    0.9961496149614961
  ],
  "val_loss": [
    0.9637997519173676,
    0.29638059849489184,
    0.2590643412327951,
    0.26900276147418006,
    0.17583857355735352,
    0.13237773311481238,
    0.1268344302517698,
    0.14876034096702678,
    0.1399962458946771,
    0.07199625887258355,
    0.35201159156970935,
    0.09157871466815709,
    0.2108904721950064,
    0.07008776285896026,
    0.056194587416436424,
    0.10917724205938702,
    0.07346058623762033,
    0.10951274893831868,
    0.07188631321425162,
    0.037333571953468765,
    0.039350790243135376,
    0.08441451857569772,
    0.08952053706799262,
    0.04116295881971838,
    0.18603476699301852,
    0.022188305245154628,
    0.03662987056314702,
    0.1455636500491279,
    0.046919313418493716,
    0.06728552977792507,
    0.2168530962702433,
    0.04215775854529894,
    0.12067928622173767,
    0.08071945858791112,
    0.08640644105875273,
    0.02001740602547928,
    0.14623383767791462,
    0.17664228186203929,
    0.01537030426022012,
    0.0241291944165295,
    0.06186113579065725,
    0.03640764440807442,
    0.045901815099272006,
    0.019454410587409147,
    0.03787474172339433,
    0.03243777120858387,
    0.023240229788649088,
    0.04426328942764302,
    0.031966625959721,
    0.1357951247436156,
    0.037490078710062366,
    0.057928994173141006,
    0.006465654461347176,
    0.05320278604623098,
    0.0207380748011564,
    0.02225932969126236,
    0.030757289794756927,
    0.04107239292046258,
    0.02972824531323105,
    0.024806362214580737,
    0.05336753743227973,
    0.014761029479406303,
    0.02388641084193838,
    0.026412999850698414,
    0.022223600822511402,
    0.0522223521780945,
    0.017293681895692182,
    0.060633025050549835
  ],
  "val_acc": [
    0.31958762886597936,
    0.6855670103092784,
    0.7285223367697594,
    0.7714776632302406,
    0.852233676975945,
    0.9123711340206185,
    0.9054982817869416,
    0.8848797250859106,
    0.8848797250859106,
    0.9518900343642611,
    0.7714776632302406,
    0.9261168384879725,
    0.8384879725085911,
    0.9450171821305842,
    0.9673539518900344,
    0.9123711340206185,
    0.9450171821305842,
    0.9209621993127147,
    0.9450171821305842,
    0.9707903780068728,
    0.9759450171821306,
    0.9312714776632303,
    0.936426116838488,
    0.9742268041237113,
    0.8625429553264605,
    0.9879725085910653,
    0.9725085910652921,
    0.9003436426116839,
    0.9639175257731959,
    0.9450171821305842,
    0.8350515463917526,
    0.9759450171821306,
    0.9192439862542955,
    0.9467353951890034,
    0.9415807560137457,
    0.9914089347079038,
    0.9037800687285223,
    0.8883161512027491,
    0.9896907216494846,
    0.979381443298969,
    0.9587628865979382,
    0.9776632302405498,
    0.9707903780068728,
    0.9896907216494846,
    0.9742268041237113,
    0.9776632302405498,
    0.9879725085910653,
    0.9673539518900344,
    0.9845360824742269,
    0.9226804123711341,
    0.9776632302405498,
    0.9553264604810997,
    0.9948453608247423,
    0.9587628865979382,
    0.9862542955326461,
    0.9845360824742269,
    0.9845360824742269,
    0.9690721649484536,
    0.9845360824742269,
    0.9879725085910653,
    0.9621993127147767,
    0.993127147766323,
    0.9879725085910653,
    0.9845360824742269,
    0.9862542955326461,
    0.9690721649484536,
    0.9914089347079038,
    0.9570446735395189
  ],