{
  "model": "cnn",
  "mode": "multilabel",
  "split": "random",
  "seed": 789,
  "parameters": 44163,
  "epochs_trained": 68,
  "best_val_acc": 0.9948453608247423,
  "best_epoch": 53,
  "test_metrics": {
    "macro_auroc": 0.9999719416386084,
    "per_class_auroc": {
      "Ball": 1.0,
      "IR": 0.999915824915825,
      "OR": 1.0,
      "macro": 0.9999719416386084
    },
    "per_class_metrics": {
      "Ball": {
        "precision": 1.0,
        "recall": 0.9848484848484849,
        "f1": 0.9923664122137404,
        "auroc": 1.0
      },
      "IR": {
        "precision": 1.0,
        "recall": 0.9924242424242424,
        "f1": 0.9961977186311787,
        "auroc": 0.999915824915825
      },
      "OR": {
        "precision": 0.9850746268656716,
        "recall": 1.0,
        "f1": 0.9924812030075187,
        "auroc": 1.0
      }
    }
  },
  "noise_robustness": null,
  "kfold_cv": null,
  "timestamp": "2025-12-21T13:02:04.926273"
}