{
  "train_loss": [
    0.980268663305654,
    0.439402081260849,
    0.3365395922865411,
    0.35153163151510214,
    0.2473864392577225,
    0.20914218442799365,
    0.17630898922976881,
    0.15088644177869076,
    0.15071677400989764,
    0.1084778586072628,
    0.10005690724608397,
    0.10399461567106813,
    0.09932298744066616,
    0.09703963680850594,
    0.07749184243979365,
    0.07745101511052208,
    0.05602321354928452,
    0.06689019264126703,
    0.04139723382865635,
    0.03606369543095233,
    0.04473504167546009,
    0.04198835295910883,
    0.04318870807310404,
    0.03236524568003888,
    0.027583263699698893,
    0.03335525922485442,
    0.028855388816056735,
    0.029319986891579313,
    0.03944412873273078,
    0.02728043498555393,
    0.016098754998907134,
    0.02258411096562647,
    0.028086330307231615,
    0.018534729897062018,
    0.020933086940571995,
    0.017308193871114153,
    0.02325061895977808,
    0.014585800600321134,
    0.01744369290588778,
    0.026071733619907115,
    0.023458788152968528,
    0.017684726045560196,
    0.017138024974446355,
    0.01669417693135221,
    0.010595515053780756,
    0.011492421205091004,
    0.010868024411731644,
    0.010022737137047108,
    0.021517662868842203
  ],
  "train_acc": [
    0.6413641364136413,
    0.8107810781078107,
    0.8674367436743674,
    0.8503850385038504,
    0.9158415841584159,
    0.9317931793179318,
    0.94004400440044,
    0.9460946094609461,
    0.9455445544554455,
    0.9686468646864687,
    0.9713971397139713,
    0.9614961496149615,
    0.966996699669967,
    0.9680968096809681,
    0.9785478547854786,
    0.977997799779978,
    0.9834983498349835,
    0.9774477447744775,
    0.9878987898789879,
    0.9895489548954896,
    0.9856985698569857,
    0.9840484048404841,
    0.9873487348734874,
    0.9906490649064906,
    0.9928492849284929,
    0.988998899889989,
    0.993949394939494,
    0.9922992299229924,
    0.9867986798679867,
    0.9933993399339934,
    0.9977997799779978,
    0.9944994499449945,
    0.9884488448844885,
    0.9961496149614961,
    0.9933993399339934,
    0.9955995599559956,
    0.9928492849284929,
    0.9977997799779978,
    0.9972497249724972,
    0.9900990099009901,
    0.9928492849284929,
    0.9966996699669967,
    0.9933993399339934,
    0.995049504950495,
    0.9977997799779978,
    0.9983498349834984,
    0.9972497249724972,
    0.9977997799779978,
    0.9928492849284929
  ],
  "val_loss": [
    5.250340486104515,
    0.5692892533223324,
    0.6965452250304449,
    0.3509253852517037,
    0.17740638118771426,
    0.36208562784300624,
    0.620000012756598,
    0.30584474060604505,
    0.08098006324000936,
    0.2230987196525726,
    0.09120441523868054,
    0.3361378475952746,
    0.2678023541399987,
    0.02151395739622057,
    0.0674638137720477,
    0.03834009403282547,
    0.032489727909352666,
    0.09545417611541758,
    0.013070538467593333,
    0.16351662426082492,
    0.01873199728142967,
    0.008702104821595969,
    0.04409554041441873,
    0.005378585487799704,
    0.005353919123136618,
    0.005787366846807126,
    0.02579156986757851,
    0.143582721346407,
    0.10966407006311552,
    0.04701876840846213,
    0.009764897397327126,
    0.030454521412787525,
    0.027440168132363735,
    0.002028694615277734,
    0.021519387179082156,
    0.009907553177246892,
    0.008133819854883362,
    0.0054149997815768815,
    0.007627310824612198,
    0.10828877094648671,
    0.0033697634571901503,
    0.004112118416448322,
    0.0037737653068707446,
    0.0053089644008425035,
    0.032577557479874036,
    0.012065007231306232,
    0.0026930013377578685,
    0.003447280556542437,
    0.0030991960936036936
  ],
  "val_acc": [
    0.31958762886597936,
    0.7199312714776632,
    0.7371134020618557,
    0.8556701030927835,
    0.9467353951890034,
    0.8230240549828178,
    0.7422680412371134,
    0.8573883161512027,
    0.9828178694158075,
    0.9089347079037801,
    0.9759450171821306,
    0.8625429553264605,
    0.8745704467353952,
    0.9982817869415808,
    0.9828178694158075,
    0.9862542955326461,
    0.9896907216494846,
    0.9639175257731959,
    0.9965635738831615,
    0.9312714776632303,
    0.9948453608247423,
    1.0,
    0.9845360824742269,
    1.0,
    1.0,
    1.0,
    0.9896907216494846,
    0.9587628865979382,
    0.9570446735395189,
    0.9828178694158075,
    0.9965635738831615,
    0.9879725085910653,
    0.993127147766323,
    1.0,
    0.9879725085910653,
    0.9965635738831615,
    0.9965635738831615,
    1.0,
    0.9982817869415808,
    0.9621993127147767,
    1.0,
    1.0,
    0.9982817869415808,
    0.9982817869415808,
    0.9879725085910653,
    0.9982817869415808,
    1.0,
    1.0,
    1.0
  ],
  "lr": [
    0.001,
    0.0009997557473810372,
    0.0009990232305719946,
    0.0009978031724785247,
    0.0009960967771506667,
    0.0009939057285945933,
    0.0009912321891107012,
    0.0009880787971596802,
    0.0009844486647586726,
    0.000980345374410087,
    0.0009757729755661012,
    0.0009707359806323418,
    0.0009652393605146846,
    0.0009592885397135708,
    0.0009528893909706799,
    0.0009460482294732424,
    0.0009387718066217127,
    0.0009310673033669524,
    0.0009229423231234977,
    0.0009144048842659084,
    0.0009054634122155993,
    0.0008961267311259671,
    0.000886404055174016,
    0.0008763049794670778,
    0.000865839470573599,
    0.0008550178566873413,
    0.0008438508174347012,
    0.000832349373335208,
    0.0008205248749256018,
    0.0008083889915582238,
    0.0007959536998847747,
    0.0007832312720368051,
    0.0007702342635146037,
    0.0007569755007964342,
    0.0007434680686803494,
    0.0007297252973710761,
    0.0007157607493247114,
    0.0007015882058642168,
    0.0006872216535789162,
    0.0006726752705214198,
    0.0006579634122155995,
    0.000643100597489419,
    0.0006281014941466035,
    0.000612980904491289,
    0.0005977537507199342,
    0.0005824350601949147,
    0.000567039950614331,
    0.0005515836150926649,
    0.0005360813071670105
  ]
}