{
  "train_loss": [
    0.3448751927799124,
    0.04339068858680388,
    0.01161763302001352,
    0.004568528764081014,
    0.007067347467064753,
    0.0010584466489579345,
    0.0019977779078798837,
    0.0035111132041036716,
    0.001887669420475614,
    0.00045921153327476024,
    0.00026487002641810214,
    0.001058770096358793,
    0.0006144900369178453,
    0.0009708639877822457,
    0.00025560229715936776,
    0.00012865113690613316,
    0.0003994589122485955,
    0.0002456992958981597,
    0.0016086160522128952,
    0.024071661947242945,
    0.009697541022290064,
    0.0008500588903671317,
    0.003951742219414902
  ],
  "train_acc": [
    0.6006600660066007,
    0.9713971397139713,
    0.9906490649064906,
    0.9961496149614961,
    0.9933993399339934,
    0.9994499449944995,
    0.9977997799779978,
    0.9977997799779978,
    0.9983498349834984,
    1.0,
    1.0,
    0.9988998899889989,
    0.9994499449944995,
    0.9994499449944995,
    1.0,
    1.0,
    0.9994499449944995,
    1.0,
    0.9994499449944995,
    0.9900990099009901,
    0.995049504950495,
    1.0,
    0.9988998899889989
  ],
  "val_loss": [
    0.38727139571483193,
    0.010566810309870731,
    0.006324818295879627,
    0.0034496990269387746,
    0.006308158207899784,
    0.007177898858947056,
    0.005558412189594934,
    0.00047542910849982683,
    0.005263264000542992,
    0.0018980642119703498,
    0.0027126848401593014,
    0.0004562930589935494,
    0.0001315094719032426,
    0.00038185081466077844,
    0.0011071466263341794,
    0.0006211032288873716,
    0.010466709830161257,
    0.011106891667858571,
    0.08358680703699779,
    0.04637878386035112,
    0.0028787943018513257,
    0.0007274063950856081,
    0.011986808772085399
  ],
  "val_acc": [
    0.7457044673539519,
    0.9965635738831615,
    0.993127147766323,
    0.9948453608247423,
    0.9965635738831615,
    0.9982817869415808,
    0.9965635738831615,
    1.0,
    0.9982817869415808,
    0.9982817869415808,
    0.9965635738831615,
    1.0,
    1.0,
    1.0,
    0.9982817869415808,
    1.0,
    0.9982817869415808,
    0.9982817869415808,
    0.9828178694158075,
    0.979381443298969,
    0.9965635738831615,
    0.9982817869415808,
    0.9982817869415808
  ],
  "lr": [
    0.001,
    0.0009997557473810372,
    0.0009990232305719946,
    0.0009978031724785247,
    0.0009960967771506667,
    0.0009939057285945933,
    0.0009912321891107012,
    0.0009880787971596802,
    0.0009844486647586726,
    0.000980345374410087,
    0.0009757729755661012,
    0.0009707359806323418,
    0.0009652393605146846,
    0.0009592885397135708,
    0.0009528893909706799,
    0.0009460482294732424,
    0.0009387718066217127,
    0.0009310673033669524,
    0.0009229423231234977,
    0.0009144048842659084,
    0.0009054634122155993,
    0.0008961267311259671,
    0.000886404055174016
  ]
}