{
  "train_loss": [
    0.3688451738165419,
    0.08745070233555845,
    0.08371128855279275,
    0.03306939566612441,
    0.01112843032257029,
    0.012502095324209634,
    0.0059068219659888935,
    0.004471060971254191,
    0.007974395005263138,
    0.0050509744480035056,
    0.0027280655161634384,
    0.0023091963338278095,
    0.01943076887790793,
    0.011223767487363858,
    0.0011293873812714056,
    0.00044061870974572057,
    0.00017862036489388252,
    0.0003217093880180428,
    0.0003297875089717135,
    8.776483861152549e-05,
    7.892732802328381e-05,
    0.000252183035874875
  ],
  "train_acc": [
    0.6078107810781078,
    0.9405940594059405,
    0.9493949394939494,
    0.9790979097909791,
    0.9928492849284929,
    0.9933993399339934,
    0.9922992299229924,
    0.9977997799779978,
    0.9966996699669967,
    0.9955995599559956,
    0.9988998899889989,
    0.9983498349834984,
    0.9944994499449945,
    0.9955995599559956,
    0.9994499449944995,
    1.0,
    1.0,
    1.0,
    0.9994499449944995,
    1.0,
    1.0,
    1.0
  ],
  "val_loss": [
    1.007580073411125,
    0.12513339071057766,
    0.04362120069094296,
    0.021249128099982632,
    0.008503476412215074,
    0.03210834285878004,
    9.481214440445237e-05,
    0.005492394447762953,
    0.0019971333290986788,
    0.0013363241860149767,
    9.81013805484863e-05,
    0.00010225433920659779,
    0.00046323239189270687,
    0.0016150093531903389,
    2.308243136402961e-05,
    1.733749298284875e-05,
    1.8512734067074143e-05,
    5.927744332501206e-06,
    7.729616545298244e-06,
    6.1674844728797515e-06,
    5.163448677359099e-06,
    1.8978113431420866e-05
  ],
  "val_acc": [
    0.5515463917525774,
    0.9432989690721649,
    0.9656357388316151,
    0.9896907216494846,
    0.9948453608247423,
    0.9896907216494846,
    1.0,
    0.9948453608247423,
    0.9982817869415808,
    1.0,
    1.0,
    1.0,
    1.0,
    0.9982817869415808,
    1.0,
    1.0,
    1.0,
    1.0,
    1.0,
    1.0,
    1.0,
    1.0
  ],
  "lr": [
    0.001,
    0.0009997557473810372,
    0.0009990232305719946,
    0.0009978031724785247,
    0.0009960967771506667,
    0.0009939057285945933,
    0.0009912321891107012,
    0.0009880787971596802,
    0.0009844486647586726,
    0.000980345374410087,
    0.0009757729755661012,
    0.0009707359806323418,
    0.0009652393605146846,
    0.0009592885397135708,
    0.0009528893909706799,
    0.0009460482294732424,
    0.0009387718066217127,
    0.0009310673033669524,
    0.0009229423231234977,
    0.0009144048842659084,
    0.0009054634122155993,
    0.0008961267311259671
  ]
}