{
  "train_loss": [
    0.07514260699131464,
    0.006421193211457247,
    0.01320045441307455,
    0.003913283991285465,
    0.000278979017175192,
    0.00019721748415231394,
    0.00013411351546537944,
    0.0002351070377382,
    0.00011049320167012992,
    0.00012172935895597036
  ],
  "train_acc": [
    0.9283402681460934,
    0.996301433194637,
    0.9936816150408383,
    0.9986130374479889,
    0.9998458930497766,
    0.9996917860995531,
    1.0,
    0.9996917860995531,
    1.0,
    1.0
  ],
  "val_loss": [
    0.0,
    0.0,
    0.0,
    0.0,
    0.0,
    0.0,
    0.0,
    0.0,
    0.0,
    0.0
  ],
  "val_acc": [
    0.0,
    0.0,
    0.0,
    0.0,
    0.0,
    0.0,
    0.0,
    0.0,
    0.0,
    0.0
  ],
  "lr": [
    0.001,
    0.0009757729755661011,
    0.000905463412215599,
    0.0007959536998847742,
    0.000657963412215599,
    0.000505,
    0.0003520365877844011,
    0.00021404630011522585,
    0.00010453658778440107,
    3.4227024433899005e-05
  ]
}