{
  "model": "cnnlstm",
  "mode": "multilabel",
  "split": "fault_size_all_loads",
  "seed": 1024,
  "parameters": 711811,
  "epochs_trained": 10,
  "best_val_acc": 1.0,
  "best_epoch": 9,
  "test_metrics": {
    "macro_auroc": 0.6697387668161525,
    "per_class_auroc": {
      "Ball": 0.7991358639915644,
      "IR": 0.9856977739540017,
      "OR": 0.22438266250289152,
      "macro": 0.6697387668161525
    },
    "per_class_metrics": {
      "Ball": {
        "precision": 0.3869900771775083,
        "recall": 0.9957446808510638,
        "f1": 0.5573640333465661,
        "auroc": 0.7991358639915644
      },
      "IR": {
        "precision": 0.990228013029316,
        "recall": 0.43304843304843305,
        "f1": 0.6025768087215064,
        "auroc": 0.9856977739540017
      },
      "OR": {
        "precision": 0.0,
        "recall": 0.0,
        "f1": 0.0,
        "auroc": 0.22438266250289152
      }
    }
  },
  "noise_robustness": null,
  "kfold_cv": {
    "fold_results": [
      {
        "fold": 1,
        "best_val_acc": 1.0,
        "best_epoch": 4,
        "epochs_trained": 19,
        "final_val_loss": 0.0011828835573792491
      },
      {
        "fold": 2,
        "best_val_acc": 1.0,
        "best_epoch": 3,
        "epochs_trained": 18,
        "final_val_loss": 5.670335725936032e-06
      },
      {
        "fold": 3,
        "best_val_acc": 1.0,
        "best_epoch": 5,
        "epochs_trained": 20,
        "final_val_loss": 1.6492066854931357e-09
      }
    ],
    "mean_val_acc": 1.0,
    "std_val_acc": 0.0,
    "mean_best_epoch": 4.0,
    "median_best_epoch": 4,
    "optimal_epochs": 10,
    "n_folds": 3
  },
  "timestamp": "2025-12-21T13:18:21.740558"
}