{
  "train_loss": [
    0.612686381825913,
    0.08754885134648847,
    0.05110067399787948,
    0.01772020522442643,
    0.007289747504075084,
    0.03235993684989304,
    0.01203845971853762,
    0.002972620712005102,
    0.018273445108559133,
    0.001614623454831514,
    0.0010885653553284807,
    0.0071285935738091295,
    0.00511917346562414,
    0.000418529320348879,
    0.004158272602657879,
    0.09546695241747614,
    0.0024496453224795906,
    0.005431600919722102,
    0.0022810814282713445,
    0.0009368387974665135,
    0.0011944364139994622,
    0.0001809817898095672,
    0.00017998862579701665,
    5.3275880835220356e-05,
    4.8401586259833085e-05,
    0.0006400894264365217,
    9.53048501911752e-05,
    8.04443930539994e-05,
    0.0005231008115935839
  ],
  "train_acc": [
    0.7227722772277227,
    0.977997799779978,
    0.9851485148514851,
    0.9972497249724972,
    0.9988998899889989,
    0.9911991199119912,
    0.9977997799779978,
    0.9994499449944995,
    0.9966996699669967,
    0.9994499449944995,
    0.9994499449944995,
    0.9988998899889989,
    0.9988998899889989,
    1.0,
    0.9988998899889989,
    0.9851485148514851,
    0.9994499449944995,
    0.9977997799779978,
    0.9994499449944995,
    1.0,
    0.9994499449944995,
    1.0,
    1.0,
    1.0,
    1.0,
    0.9994499449944995,
    1.0,
    1.0,
    0.9994499449944995
  ],
  "val_loss": [
    0.7677967584215079,
    0.05988795598856595,
    0.03337878916337324,
    0.022324778940809167,
    0.0928278097034704,
    0.006827619027753779,
    0.004706104681274868,
    0.015379955346886942,
    0.008601845839546669,
    0.0031551867878364137,
    0.03526668031335501,
    0.026251547066502574,
    0.01539595081837655,
    0.0013013623861447352,
    0.001772990403038058,
    0.03465587463755154,
    0.01984298447034942,
    0.012893816223042151,
    0.019733803832060682,
    0.03377925189677127,
    0.04271282404147631,
    0.031721533573779805,
    0.02089060663767287,
    0.017476260866905815,
    0.012887062895338969,
    0.010007744530196656,
    0.010388474116146667,
    0.009883286497440458,
    0.00961194092130186
  ],
  "val_acc": [
    0.6460481099656358,
    0.9810996563573883,
    0.9896907216494846,
    0.993127147766323,
    0.9828178694158075,
    0.9982817869415808,
    0.9982817869415808,
    0.9982817869415808,
    0.9982817869415808,
    0.9982817869415808,
    0.9948453608247423,
    0.9965635738831615,
    0.9965635738831615,
    0.9982817869415808,
    1.0,
    0.9914089347079038,
    0.9982817869415808,
    0.9965635738831615,
    0.9965635738831615,
    0.9965635738831615,
    0.993127147766323,
    0.9948453608247423,
    0.9948453608247423,
    0.9948453608247423,
    0.9948453608247423,
    0.9965635738831615,
    0.9965635738831615,
    0.9965635738831615,
    0.9965635738831615
  ],
  "lr": [
    0.001,
    0.0009997557473810372,
    0.0009990232305719946,
    0.0009978031724785247,
    0.0009960967771506667,
    0.0009939057285945933,
    0.0009912321891107012,
    0.0009880787971596802,
    0.0009844486647586726,
    0.000980345374410087,
    0.0009757729755661012,
    0.0009707359806323418,
    0.0009652393605146846,
    0.0009592885397135708,
    0.0009528893909706799,
    0.0009460482294732424,
    0.0009387718066217127,
    0.0009310673033669524,
    0.0009229423231234977,
    0.0009144048842659084,
    0.0009054634122155993,
    0.0008961267311259671,
    0.000886404055174016,
    0.0008763049794670778,
    0.000865839470573599,
    0.0008550178566873413,
    0.0008438508174347012,
    0.000832349373335208,
    0.0008205248749256018
  ]
}