{
  "train_loss": [
    0.2245553113310593,
    0.01449232321740197,
    0.014518252118010553,
    0.00896800606638094,
    0.0043567153058420875,
    0.0021416690527700784,
    0.00015880588693031986,
    0.00022606596974450566,
    0.010543160557505581,
    0.014730633658218781,
    0.01445339805514708,
    0.0029674121233497865,
    0.003990009174746223,
    0.0001256418929844331,
    1.4247836641979616e-05,
    1.034664895116504e-05,
    1.5197896632297784e-05,
    6.515706754647471e-06
  ],
  "train_acc": [
    0.904742352699651,
    0.99548347361938,
    0.9956887702730446,
    0.9969205501950318,
    0.9985629234243482,
    0.9995894066926709,
    1.0,
    1.0,
    0.9983576267706836,
    0.9963046602340382,
    0.9969205501950318,
    0.9995894066926709,
    0.9989735167316772,
    1.0,
    1.0,
    1.0,
    1.0,
    1.0
  ],
  "val_loss": [
    0.001917292039409894,
    0.0010961526317075534,
    4.357313276486008e-05,
    0.0004598713659251667,
    0.013882350464705205,
    0.028747087968208962,
    1.3026960502511225e-06,
    1.1963864166374295e-05,
    0.0058678000443822135,
    0.007245268777383653,
    1.0765724142713547e-05,
    0.005378879092447311,
    2.7160705944764e-06,
    1.328263999407998e-07,
    2.9494940672349e-08,
    2.5808087531124214e-08,
    2.375984260045415e-08,
    2.949491541267683e-08
  ],
  "val_acc": [
    0.9991408934707904,
    1.0,
    1.0,
    1.0,
    0.9982817869415808,
    0.9982817869415808,
    1.0,
    1.0,
    0.9982817869415808,
    0.9991408934707904,
    1.0,
    0.9982817869415808,
    1.0,
    1.0,
    1.0,
    1.0,
    1.0,
    1.0
  ],
  "lr": [
    0.001,
    0.0009997557473810372,
    0.0009990232305719946,
    0.0009978031724785247,
    0.0009960967771506667,
    0.0009939057285945933,
    0.0009912321891107012,
    0.0009880787971596802,
    0.0009844486647586726,
    0.000980345374410087,
    0.0009757729755661012,
    0.0009707359806323418,
    0.0009652393605146846,
    0.0009592885397135708,
    0.0009528893909706799,
    0.0009460482294732424,
    0.0009387718066217127,
    0.0009310673033669524
  ]
}