{
  "train_loss": [
    0.11204549599650257,
    0.008975700087882071,
    0.0017060347745691362,
    0.0010083064276688485,
    2.633062842054718e-05,
    2.4406131920325642e-05,
    1.4023958503552371e-05,
    3.747312822867427e-05,
    3.392419097408183e-05,
    2.7624431797037692e-05
  ],
  "train_acc": [
    0.9503775620280475,
    0.9978425026968716,
    0.9995376791493297,
    0.9996917860995531,
    1.0,
    1.0,
    1.0,
    1.0,
    1.0,
    1.0
  ],
  "val_loss": [
    0.0,
    0.0,
    0.0,
    0.0,
    0.0,
    0.0,
    0.0,
    0.0,
    0.0,
    0.0
  ],
  "val_acc": [
    0.0,
    0.0,
    0.0,
    0.0,
    0.0,
    0.0,
    0.0,
    0.0,
    0.0,
    0.0
  ],
  "lr": [
    0.001,
    0.0009757729755661011,
    0.000905463412215599,
    0.0007959536998847742,
    0.000657963412215599,
    0.000505,
    0.0003520365877844011,
    0.00021404630011522585,
    0.00010453658778440107,
    3.4227024433899005e-05
  ]
}