{
  "model": "lstm",
  "mode": "4class",
  "split": "fault_size_all_loads",
  "seed": 1024,
  "parameters": 631940,
  "epochs_trained": 10,
  "best_val_acc": 1.0,
  "best_epoch": 7,
  "test_metrics": {
    "accuracy": 0.5234170101161484,
    "macro_precision": 0.5854543584771223,
    "macro_recall": 0.5477238285748924,
    "macro_f1": 0.4622070486148156,
    "macro_auroc": 0.768077384255212,
    "per_class_metrics": {
      "Normal": {
        "precision": 1.0,
        "recall": 1.0,
        "f1": 1.0,
        "support": 558
      },
      "Ball": {
        "precision": 0.35631018753167765,
        "recall": 0.9971631205673759,
        "f1": 0.5250186706497386,
        "support": 705
      },
      "IR": {
        "precision": 0.9855072463768116,
        "recall": 0.19373219373219372,
        "f1": 0.3238095238095238,
        "support": 702
      },
      "OR": {
        "precision": 0.0,
        "recall": 0.0,
        "f1": 0.0,
        "support": 704
      }
    },
    "confusion_matrix": [
      [
        558,
        0,
        0,
        0
      ],
      [
        0,
        703,
        2,
        0
      ],
      [
        0,
        566,
        136,
        0
      ],
      [
        0,
        704,
        0,
        0
      ]
    ]
  },
  "noise_robustness": null,
  "kfold_cv": {
    "fold_results": [
      {
        "fold": 1,
        "best_val_acc": 1.0,
        "best_epoch": 2,
        "epochs_trained": 17,
        "final_val_loss": 0.008187383564875401
      },
      {
        "fold": 2,
        "best_val_acc": 1.0,
        "best_epoch": 2,
        "epochs_trained": 16,
        "final_val_loss": 2.7556462192494207e-10
      },
      {
        "fold": 3,
        "best_val_acc": 1.0,
        "best_epoch": 1,
        "epochs_trained": 16,
        "final_val_loss": 4.960163858216375e-10
      }
    ],
    "mean_val_acc": 1.0,
    "std_val_acc": 0.0,
    "mean_best_epoch": 1.6666666666666667,
    "median_best_epoch": 2,
    "optimal_epochs": 10,
    "n_folds": 3
  },
  "timestamp": "2025-12-21T13:07:05.226594"
}