{
  "train_loss": [
    0.33358797911891847,
    0.0639480649706055,
    0.036628721668188514,
    0.006738162023085633,
    0.004926114445143437,
    0.0050406263088334236,
    0.0034060389795839362,
    0.005128231137353237,
    0.007422016614678944,
    0.010326248217772567,
    0.0012222665783894933,
    0.006652963664018336,
    0.00032915119992320735,
    0.00011218228605265821,
    0.00012772816332869822,
    0.0001328782314092493,
    3.8865457965312775e-05,
    1.7274196881183168e-05
  ],
  "train_acc": [
    0.8651200985423938,
    0.9811127078628619,
    0.9889139807021146,
    0.99774173680969,
    0.9981523301170191,
    0.9987682200780127,
    0.9987682200780127,
    0.9981523301170191,
    0.997331143502361,
    0.9979470334633546,
    0.9991788133853419,
    0.9981523301170191,
    1.0,
    1.0,
    1.0,
    1.0,
    1.0,
    1.0
  ],
  "val_loss": [
    0.036257947764464026,
    0.03542572246532209,
    0.0003517839424405471,
    0.015035836268670251,
    0.006214403832798773,
    0.0003140816978062508,
    8.12778459021941e-05,
    0.010443933025760346,
    0.0047984546838726865,
    0.00904479270555814,
    0.009790685407933068,
    0.0006439546476957554,
    5.985703453564651e-07,
    6.026059006843267e-07,
    1.3743820681304326e-07,
    1.445037709590199e-07,
    6.912880169479876e-08,
    5.939952099488648e-08
  ],
  "val_acc": [
    0.9879725085910653,
    0.9905498281786942,
    1.0,
    0.9939862542955327,
    0.9982817869415808,
    1.0,
    1.0,
    0.9965635738831615,
    0.9991408934707904,
    0.9991408934707904,
    0.9974226804123711,
    1.0,
    1.0,
    1.0,
    1.0,
    1.0,
    1.0,
    1.0
  ],
  "lr": [
    0.001,
    0.0009997557473810372,
    0.0009990232305719946,
    0.0009978031724785247,
    0.0009960967771506667,
    0.0009939057285945933,
    0.0009912321891107012,
    0.0009880787971596802,
    0.0009844486647586726,
    0.000980345374410087,
    0.0009757729755661012,
    0.0009707359806323418,
    0.0009652393605146846,
    0.0009592885397135708,
    0.0009528893909706799,
    0.0009460482294732424,
    0.0009387718066217127,
    0.0009310673033669524
  ]
}