{
  "model": "cnnlstm",
  "mode": "4class",
  "split": "cross_load",
  "seed": 123,
  "parameters": 711876,
  "epochs_trained": 18,
  "best_val_acc": 1.0,
  "best_epoch": 3,
  "test_metrics": {
    "accuracy": 0.9980398562561255,
    "macro_precision": 0.9978873028697969,
    "macro_recall": 0.9978753541076487,
    "macro_f1": 0.9978735674904403,
    "macro_auroc": 0.9999863168594335,
    "per_class_metrics": {
      "Normal": {
        "precision": 1.0,
        "recall": 1.0,
        "f1": 1.0,
        "support": 945
      },
      "Ball": {
        "precision": 0.9985815602836879,
        "recall": 1.0,
        "f1": 0.9992902767920511,
        "support": 704
      },
      "IR": {
        "precision": 0.9929676511954993,
        "recall": 1.0,
        "f1": 0.9964714184897672,
        "support": 706
      },
      "OR": {
        "precision": 1.0,
        "recall": 0.9915014164305949,
        "f1": 0.9957325746799431,
        "support": 706
      }
    },
    "confusion_matrix": [
      [
        945,
        0,
        0,
        0
      ],
      [
        0,
        704,
        0,
        0
      ],
      [
        0,
        0,
        706,
        0
      ],
      [
        0,
        1,
        5,
        700
      ]
    ]
  },
  "noise_robustness": null,
  "kfold_cv": null,
  "timestamp": "2025-12-21T13:14:02.735846"
}