{
  "train_loss": [
    0.3431559282675697,
    0.05631749943406931,
    0.018217450159430767,
    0.032799322151950874,
    0.008648289554666346,
    0.0029486815426683073,
    0.0038523120364645285,
    0.01961112620843814,
    0.0016717457193969642,
    0.0009569023915583025,
    0.006571864081320525,
    0.005738385329566019,
    0.000943082506140668,
    0.0019058234855766278,
    0.0012503310920705464,
    0.0005202966039487305,
    0.0004328231940451245,
    0.0012692222480236463,
    0.0015115476664847153,
    0.0004315704741037263,
    0.0013221538383151653,
    0.0010309158211150656,
    0.0007568798398624274,
    0.0004392614040579606
  ],
  "train_acc": [
    0.6193619361936193,
    0.9620462046204621,
    0.9884488448844885,
    0.9790979097909791,
    0.9900990099009901,
    0.9972497249724972,
    0.9972497249724972,
    0.9944994499449945,
    0.9983498349834984,
    0.9988998899889989,
    0.9944994499449945,
    0.995049504950495,
    0.9988998899889989,
    0.9966996699669967,
    0.9988998899889989,
    0.9994499449944995,
    0.9994499449944995,
    0.9988998899889989,
    0.9983498349834984,
    0.9994499449944995,
    0.9988998899889989,
    0.9988998899889989,
    0.9994499449944995,
    0.9994499449944995
  ],
  "val_loss": [
    0.28925068681592386,
    0.019042828409223205,
    0.009589078737813278,
    0.011194720325359403,
    0.010643500686054097,
    0.009190467735668152,
    0.1422867588979496,
    0.014470790699710377,
    0.0038919440141587896,
    0.006381751145182232,
    0.004348575026873156,
    0.007311007031785219,
    0.0038296771439641202,
    0.0029734141190340025,
    0.00462727469006032,
    0.005747924296051184,
    0.006229401771819628,
    0.004925974416769763,
    0.005552113167419627,
    0.005132053470365809,
    0.007934152557840107,
    0.007079625144772066,
    0.008515147006244572,
    0.009742132304685918
  ],
  "val_acc": [
    0.6907216494845361,
    0.9879725085910653,
    0.9948453608247423,
    0.9914089347079038,
    0.9965635738831615,
    0.9982817869415808,
    0.9673539518900344,
    0.9965635738831615,
    0.9982817869415808,
    0.9948453608247423,
    0.9982817869415808,
    0.9965635738831615,
    0.9982817869415808,
    0.9982817869415808,
    0.9982817869415808,
    0.9982817869415808,
    0.9982817869415808,
    0.9982817869415808,
    0.9982817869415808,
    0.9982817869415808,
    0.9982817869415808,
    0.9982817869415808,
    0.9982817869415808,
    0.9982817869415808
  ],
  "lr": [
    0.001,
    0.0009997557473810372,
    0.0009990232305719946,
    0.0009978031724785247,
    0.0009960967771506667,
    0.0009939057285945933,
    0.0009912321891107012,
    0.0009880787971596802,
    0.0009844486647586726,
    0.000980345374410087,
    0.0009757729755661012,
    0.0009707359806323418,
    0.0009652393605146846,
    0.0009592885397135708,
    0.0009528893909706799,
    0.0009460482294732424,
    0.0009387718066217127,
    0.0009310673033669524,
    0.0009229423231234977,
    0.0009144048842659084,
    0.0009054634122155993,
    0.0008961267311259671,
    0.000886404055174016,
    0.0008763049794670778
  ]
}