{
  "train_loss": [
    0.7247070527326348,
    0.3436708614655379,
    0.2713321723736818,
    0.17921393166893293,
    0.15334190690962227,
    0.10647170321208646,
    0.09417912356664063,
    0.07623922849038921,
    0.07133886820725215,
    0.04967251374669032,
    0.05006448694072118,
    0.03174827263746552,
    0.03258335915857016,
    0.03630977457806428,
    0.02663267349540955,
    0.026601763809640116,
    0.03206660948101805,
    0.020524164157386338,
    0.028143557201741328,
    0.026263898894346806,
    0.016361748691033736,
    0.018040317313195352,
    0.016997324201457924,
    0.01587485911156749,
    0.02144609592073744,
    0.013657164783548323,
    0.01306379099096013,
    0.011781822688951385,
    0.01654406939397779,
    0.01428013932157948
  ],
  "train_acc": [
    0.6953397659618148,
    0.8692260316156847,
    0.9004311229726956,
    0.938616300554301,
    0.95031820981318,
    0.9677684253746663,
    0.97064257852597,
    0.9780332580578937,
    0.9770067747895709,
    0.98645042085814,
    0.9856292342434818,
    0.9919934305070828,
    0.9899404639704373,
    0.9885033873947855,
    0.9936358037363991,
    0.9919934305070828,
    0.99096694723876,
    0.9942516936973927,
    0.99096694723876,
    0.9911722438924245,
    0.99548347361938,
    0.99548347361938,
    0.9946622870047218,
    0.9948675836583863,
    0.9921987271607473,
    0.9969205501950318,
    0.9960993635803737,
    0.9963046602340382,
    0.9944569903510573,
    0.9952781769657154
  ],
  "val_loss": [
    0.347201842929896,
    0.5319184377738286,
    0.21743656521425458,
    0.24960180642754282,
    0.04275252972489469,
    0.13771716374711848,
    0.03523997910147932,
    0.09993454821638226,
    0.05338782866731839,
    0.2193617692850914,
    0.06933122584068206,
    0.02514383959151081,
    0.014680382249560016,
    0.020897820157744423,
    0.0026805346221198934,
    0.03890017018608771,
    0.0032146923621849213,
    0.07379122178075198,
    0.004943461920681996,
    0.0032044911850473714,
    0.007463405273975911,
    0.01591445965669593,
    0.01382365264048515,
    0.005755013723448047,
    0.005379649387237286,
    0.0019113585079911716,
    0.24057561321108012,
    0.3118829181465481,
    0.005356918281106893,
    0.007452348618331762
  ],
  "val_acc": [
    0.929553264604811,
    0.7603092783505154,
    0.9012027491408935,
    0.8694158075601375,
    0.9957044673539519,
    0.9450171821305842,
    0.993127147766323,
    0.9587628865979382,
    0.9819587628865979,
    0.897766323024055,
    0.9699312714776632,
    0.9914089347079038,
    0.9965635738831615,
    0.9948453608247423,
    1.0,
    0.9871134020618557,
    1.0,
    0.9690721649484536,
    0.9982817869415808,
    0.9991408934707904,
    0.9974226804123711,
    0.9948453608247423,
    0.9974226804123711,
    0.9982817869415808,
    0.9991408934707904,
    0.9991408934707904,
    0.9115120274914089,
    0.8960481099656358,
    0.9991408934707904,
    0.9982817869415808
  ],
  "lr": [
    0.001,
    0.0009997557473810372,
    0.0009990232305719946,
    0.0009978031724785247,
    0.0009960967771506667,
    0.0009939057285945933,
    0.0009912321891107012,
    0.0009880787971596802,
    0.0009844486647586726,
    0.000980345374410087,
    0.0009757729755661012,
    0.0009707359806323418,
    0.0009652393605146846,
    0.0009592885397135708,
    0.0009528893909706799,
    0.0009460482294732424,
    0.0009387718066217127,
    0.0009310673033669524,
    0.0009229423231234977,
    0.0009144048842659084,
    0.0009054634122155993,
    0.0008961267311259671,
    0.000886404055174016,
    0.0008763049794670778,
    0.000865839470573599,
    0.0008550178566873413,
    0.0008438508174347012,
    0.000832349373335208,
    0.0008205248749256018,
    0.0008083889915582238
  ]
}