{
  "model": "cnn",
  "mode": "4class",
  "split": "cross_load",
  "seed": 42,
  "parameters": 44228,
  "epochs_trained": 30,
  "best_val_acc": 1.0,
  "best_epoch": 15,
  "test_metrics": {
    "accuracy": 0.9960797125122509,
    "macro_precision": 0.9957627118644068,
    "macro_recall": 0.9957466842647438,
    "macro_f1": 0.9957516813952457,
    "macro_auroc": 0.9999669198799492,
    "per_class_metrics": {
      "Normal": {
        "precision": 1.0,
        "recall": 1.0,
        "f1": 1.0,
        "support": 945
      },
      "Ball": {
        "precision": 1.0,
        "recall": 0.9943181818181818,
        "f1": 0.9971509971509972,
        "support": 704
      },
      "IR": {
        "precision": 0.9915254237288136,
        "recall": 0.9943342776203966,
        "f1": 0.9929278642149929,
        "support": 706
      },
      "OR": {
        "precision": 0.9915254237288136,
        "recall": 0.9943342776203966,
        "f1": 0.9929278642149929,
        "support": 706
      }
    },
    "confusion_matrix": [
      [
        945,
        0,
        0,
        0
      ],
      [
        0,
        700,
        2,
        2
      ],
      [
        0,
        0,
        702,
        4
      ],
      [
        0,
        0,
        4,
        702
      ]
    ]
  },
  "noise_robustness": null,
  "kfold_cv": null,
  "timestamp": "2025-12-21T12:59:38.386080"
}