{
  "train_loss": [
    0.11658827730052218,
    0.017514904579511797,
    0.008662199173008213,
    0.006694654197119325,
    0.004498781093060017,
    9.700768285761232e-05,
    1.55635986905275e-05,
    1.5502084975551645e-05,
    2.666890240785955e-05,
    2.5358000780879196e-05
  ],
  "train_acc": [
    0.9529973801818462,
    0.9958391123439667,
    0.998304823547542,
    0.9987671443982123,
    0.9990753582986592,
    1.0,
    1.0,
    1.0,
    1.0,
    1.0
  ],
  "val_loss": [
    0.0,
    0.0,
    0.0,
    0.0,
    0.0,
    0.0,
    0.0,
    0.0,
    0.0,
    0.0
  ],
  "val_acc": [
    0.0,
    0.0,
    0.0,
    0.0,
    0.0,
    0.0,
    0.0,
    0.0,
    0.0,
    0.0
  ],
  "lr": [
    0.001,
    0.0009757729755661011,
    0.000905463412215599,
    0.0007959536998847742,
    0.000657963412215599,
    0.000505,
    0.0003520365877844011,
    0.00021404630011522585,
    0.00010453658778440107,
    3.4227024433899005e-05
  ]
}