{
  "model": "cnnlstm",
  "mode": "4class",
  "split": "fault_size_all_loads",
  "seed": 1024,
  "parameters": 711876,
  "epochs_trained": 10,
  "best_val_acc": 1.0,
  "best_epoch": 8,
  "test_metrics": {
    "accuracy": 0.4975646309479206,
    "macro_precision": 0.5823743318631889,
    "macro_recall": 0.5231496635751955,
    "macro_f1": 0.4209594362484809,
    "macro_auroc": 0.7786057689078358,
    "per_class_metrics": {
      "Normal": {
        "precision": 1.0,
        "recall": 1.0,
        "f1": 1.0,
        "support": 558
      },
      "Ball": {
        "precision": 0.34442270058708413,
        "recall": 0.9985815602836879,
        "f1": 0.5121862495452892,
        "support": 705
      },
      "IR": {
        "precision": 0.9850746268656716,
        "recall": 0.09401709401709402,
        "f1": 0.1716514954486346,
        "support": 702
      },
      "OR": {
        "precision": 0.0,
        "recall": 0.0,
        "f1": 0.0,
        "support": 704
      }
    },
    "confusion_matrix": [
      [
        558,
        0,
        0,
        0
      ],
      [
        0,
        704,
        1,
        0
      ],
      [
        0,
        636,
        66,
        0
      ],
      [
        0,
        704,
        0,
        0
      ]
    ]
  },
  "noise_robustness": null,
  "kfold_cv": {
    "fold_results": [
      {
        "fold": 1,
        "best_val_acc": 1.0,
        "best_epoch": 5,
        "epochs_trained": 20,
        "final_val_loss": 8.395612515354057e-05
      },
      {
        "fold": 2,
        "best_val_acc": 1.0,
        "best_epoch": 3,
        "epochs_trained": 17,
        "final_val_loss": 6.558402140265134e-09
      },
      {
        "fold": 3,
        "best_val_acc": 1.0,
        "best_epoch": 4,
        "epochs_trained": 19,
        "final_val_loss": 0.0
      }
    ],
    "mean_val_acc": 1.0,
    "std_val_acc": 0.0,
    "mean_best_epoch": 4.0,
    "median_best_epoch": 4,
    "optimal_epochs": 10,
    "n_folds": 3
  },
  "timestamp": "2025-12-21T13:13:40.754196"
}