{
  "train_loss": [
    0.6318398320780131,
    0.309690025431056,
    0.19104908212324942,
    0.14363341641504707,
    0.11284691215271188,
    0.09643035589596301,
    0.08203977371696586,
    0.058651405636521735,
    0.058246117674871235,
    0.04781997214228043,
    0.043866089073123934,
    0.043018104658035544,
    0.03205148585858078,
    0.03311578282804212,
    0.028082587191228185,
    0.03130357464935284,
    0.025205482754782165,
    0.023149028184893096,
    0.02333349381058986,
    0.02052739862787775,
    0.023568317435415674,
    0.019912293467798686,
    0.020175720822014253,
    0.012979674066680389,
    0.014550847004982619,
    0.014158014008085895,
    0.01588172838933119,
    0.012523773121524214,
    0.010754895839917417,
    0.012844979207793733,
    0.011555366666256782,
    0.01070166010991025,
    0.00968946471177334,
    0.009984220364525856,
    0.008402544405966005,
    0.005762680949305146,
    0.011955301476292311,
    0.007241073517835109,
    0.012275365182892439,
    0.008072070335559019,
    0.007594364055313264,
    0.004705308548979166,
    0.007797284238499993,
    0.005370329698389792
  ],
  "train_acc": [
    0.7421474029973312,
    0.8801067542599056,
    0.93451036748101,
    0.9515499897351674,
    0.9628413056867173,
    0.9677684253746663,
    0.9731061383699445,
    0.9815233011701909,
    0.9813180045165264,
    0.9874769041264627,
    0.9862451242044755,
    0.9862451242044755,
    0.9911722438924245,
    0.9895298706631082,
    0.9907616505850955,
    0.9915828371997536,
    0.9915828371997536,
    0.9928146171217409,
    0.9913775405460891,
    0.9940463970437282,
    0.9926093204680764,
    0.9928146171217409,
    0.9936358037363991,
    0.9963046602340382,
    0.9958940669267091,
    0.9958940669267091,
    0.9956887702730446,
    0.9969205501950318,
    0.9975364401560255,
    0.9958940669267091,
    0.997331143502361,
    0.9967152535413673,
    0.9967152535413673,
    0.9971258468486963,
    0.997331143502361,
    0.9987682200780127,
    0.9956887702730446,
    0.9979470334633546,
    0.9956887702730446,
    0.997331143502361,
    0.9985629234243482,
    0.9985629234243482,
    0.9969205501950318,
    0.9979470334633546
  ],
  "val_loss": [
    0.3788305721997711,
    0.18573022035950723,
    0.11723130521815767,
    0.04257628318127146,
    0.2781150878928456,
    0.10154095307418387,
    0.015559040794078632,
    0.018158067254862315,
    0.3565487452960535,
    0.030446584754939714,
    0.14759847469259646,
    0.22918703660719714,
    0.020102592630998336,
    0.02316410955882958,
    0.0077200258854901935,
    0.048718523462476196,
    0.024283170207252132,
    0.026822312043770755,
    0.059339027038110406,
    0.0337070490068946,
    0.015560181609006518,
    0.008225712122366594,
    0.014439254727303112,
    0.006838289234729387,
    0.010443933522872331,
    0.011733111814823824,
    0.008878288296105152,
    0.006572596902142699,
    0.004078671474732867,
    0.023745542457143002,
    0.032630941048547434,
    0.01010523084616082,
    0.0073065826247975755,
    0.020173179426054264,
    0.005614385696075451,
    0.007527057732545857,
    0.005149081434520984,
    0.010769718342292746,
    0.009854545623227075,
    0.0032756148199581405,
    0.00996768466784919,
    0.005220469791050388,
    0.005484181870214673,
    0.01338617865490658
  ],
  "val_acc": [
    0.8462199312714777,
    0.9432989690721649,
    0.9725085910652921,
    0.9914089347079038,
    0.8780068728522337,
    0.9630584192439863,
    0.9965635738831615,
    0.9957044673539519,
    0.8470790378006873,
    0.9922680412371134,
    0.9527491408934707,
    0.9132302405498282,
    0.9939862542955327,
    0.9957044673539519,
    0.9974226804123711,
    0.9828178694158075,
    0.993127147766323,
    0.9896907216494846,
    0.9802405498281787,
    0.988831615120275,
    0.9957044673539519,
    0.9974226804123711,
    0.9965635738831615,
    0.9982817869415808,
    0.9974226804123711,
    0.9974226804123711,
    0.9982817869415808,
    0.9991408934707904,
    0.9991408934707904,
    0.9965635738831615,
    0.9922680412371134,
    0.9982817869415808,
    0.9982817869415808,
    0.9922680412371134,
    0.9991408934707904,
    0.9991408934707904,
    0.9982817869415808,
    0.9974226804123711,
    0.9965635738831615,
    0.9982817869415808,
    0.9974226804123711,
    0.9982817869415808,
    0.9982817869415808,
    0.9974226804123711
  ],
  "lr": [
    0.001,
    0.0009997557473810372,
    0.0009990232305719946,
    0.0009978031724785247,
    0.0009960967771506667,
    0.0009939057285945933,
    0.0009912321891107012,
    0.0009880787971596802,
    0.0009844486647586726,
    0.000980345374410087,
    0.0009757729755661012,
    0.0009707359806323418,
    0.0009652393605146846,
    0.0009592885397135708,
    0.0009528893909706799,
    0.0009460482294732424,
    0.0009387718066217127,
    0.0009310673033669524,
    0.0009229423231234977,
    0.0009144048842659084,
    0.0009054634122155993,
    0.0008961267311259671,
    0.000886404055174016,
    0.0008763049794670778,
    0.000865839470573599,
    0.0008550178566873413,
    0.0008438508174347012,
    0.000832349373335208,
    0.0008205248749256018,
    0.0008083889915582238,
    0.0007959536998847747,
    0.0007832312720368051,
    0.0007702342635146037,
    0.0007569755007964342,
    0.0007434680686803494,
    0.0007297252973710761,
    0.0007157607493247114,
    0.0007015882058642168,
    0.0006872216535789162,
    0.0006726752705214198,
    0.0006579634122155995,
    0.000643100597489419,
    0.0006281014941466035,
    0.000612980904491289
  ]
}