{
  "train_loss": [
    1.3349240028163125,
    0.3555294730217986,
    0.07898684106644231,
    0.03140450115095336,
    0.0195324810342689,
    0.01206944620173232,
    0.01487421632792526,
    0.014550861564431057,
    0.0061452620090533564,
    0.004747802857437649,
    0.002249455435982238,
    0.006504975115545852,
    0.0009530263887787477,
    0.0011234822477100312,
    0.0013309712401566491,
    0.00042394589803338345,
    0.00039738062509713445,
    0.0015502965014971685,
    0.0010748783008641333,
    0.0004133065077140661,
    0.002446639740638403,
    0.0013813963611444384,
    0.008451758972110287,
    0.004953769734977772,
    0.005811095663051278,
    0.0009386854934825267,
    0.009609854758974027,
    0.002051242709810897,
    0.00705383717976143,
    0.003439891483223991,
    0.006963873086328455,
    0.0036237772423936333,
    0.0011879369103853636
  ],
  "train_acc": [
    0.5115511551155115,
    0.8965896589658966,
    0.9757975797579758,
    0.9933993399339934,
    0.9933993399339934,
    0.9977997799779978,
    0.9955995599559956,
    0.995049504950495,
    0.9983498349834984,
    0.9988998899889989,
    1.0,
    0.9988998899889989,
    1.0,
    1.0,
    1.0,
    1.0,
    1.0,
    0.9988998899889989,
    1.0,
    1.0,
    0.9994499449944995,
    0.9994499449944995,
    0.9977997799779978,
    0.9977997799779978,
    0.9977997799779978,
    1.0,
    0.9977997799779978,
    0.9988998899889989,
    0.9988998899889989,
    0.9988998899889989,
    0.9977997799779978,
    0.9994499449944995,
    0.9994499449944995
  ],
  "val_loss": [
    1.4023391327907129,
    0.051887271701177434,
    0.020156505389532207,
    0.009315563222999836,
    0.013994216136332348,
    0.008785613417256522,
    0.0013669119101205288,
    0.01948163092484779,
    0.011693151577291281,
    0.02346065052934074,
    0.02165612215675521,
    0.012691935456522224,
    0.00859035453294018,
    0.030022186044511744,
    0.013346165314600152,
    0.016021569619472865,
    0.013848235511876193,
    0.0003305401898659483,
    0.005298582730146234,
    0.0001238901015021432,
    0.002763750956177677,
    0.017399206661097524,
    0.0022365223455793806,
    0.029268941336261928,
    0.037502442116297253,
    0.01917455142229187,
    0.02957632336348469,
    0.010025022550251304,
    0.026904975357885927,
    0.010421737918032772,
    0.028655003298622528,
    0.020957970332429757,
    0.009198714427674932
  ],
  "val_acc": [
    0.41408934707903783,
    0.9845360824742269,
    0.993127147766323,
    0.9982817869415808,
    0.9948453608247423,
    0.9982817869415808,
    1.0,
    0.9965635738831615,
    0.9982817869415808,
    0.9948453608247423,
    0.9965635738831615,
    0.9982817869415808,
    0.9982817869415808,
    0.9948453608247423,
    0.9982817869415808,
    0.9982817869415808,
    0.9982817869415808,
    1.0,
    0.9982817869415808,
    1.0,
    0.9982817869415808,
    0.9965635738831615,
    0.9982817869415808,
    0.9965635738831615,
    0.993127147766323,
    0.9965635738831615,
    0.9965635738831615,
    0.9982817869415808,
    0.993127147766323,
    0.9982817869415808,
    0.9948453608247423,
    0.9965635738831615,
    0.9982817869415808
  ],
  "lr": [
    0.001,
    0.0009997557473810372,
    0.0009990232305719946,
    0.0009978031724785247,
    0.0009960967771506667,
    0.0009939057285945933,
    0.0009912321891107012,
    0.0009880787971596802,
    0.0009844486647586726,
    0.000980345374410087,
    0.0009757729755661012,
    0.0009707359806323418,
    0.0009652393605146846,
    0.0009592885397135708,
    0.0009528893909706799,
    0.0009460482294732424,
    0.0009387718066217127,
    0.0009310673033669524,
    0.0009229423231234977,
    0.0009144048842659084,
    0.0009054634122155993,
    0.0008961267311259671,
    0.000886404055174016,
    0.0008763049794670778,
    0.000865839470573599,
    0.0008550178566873413,
    0.0008438508174347012,
    0.000832349373335208,
    0.0008205248749256018,
    0.0008083889915582238,
    0.0007959536998847747,
    0.0007832312720368051,
    0.0007702342635146037
  ]
}