{
  "train_loss": [
    0.652296273156716,
    0.2979067171948863,
    0.19886425882424938,
    0.1269900592138065,
    0.10885982414555731,
    0.07758926319845941,
    0.06989449832157858,
    0.054073472809581094,
    0.04368621370351901,
    0.04201419572254616,
    0.038585891734156316,
    0.04200913608869569,
    0.035524877920625204,
    0.0234944952720785,
    0.022762543986240003,
    0.02554802345915832,
    0.018073149794053795,
    0.029708413873345815,
    0.016512600455323767,
    0.02161117021181416,
    0.022195741587768367,
    0.015275396641058566,
    0.013105978773995925,
    0.013988705489610872,
    0.013125135331056909,
    0.015950107177386503,
    0.011045199892137775,
    0.010971278833960811,
    0.01222449732729081,
    0.012076710762005408,
    0.010078884182068908,
    0.008090451718435178,
    0.011893695553990696,
    0.013498540569247467,
    0.014179136240413193,
    0.007126704378753651,
    0.005142304563689904,
    0.005269093808758751,
    0.005850699365221605,
    0.005743825058234462,
    0.007291397650549664,
    0.004185413272932456,
    0.0076298580692064424,
    0.007687191170315445,
    0.006105053497774626,
    0.003966787896149459,
    0.007333914773240429,
    0.004808518992570307,
    0.0026585126814486493,
    0.003321229262415194,
    0.00427775004829598,
    0.004504921305062832,
    0.006086285059012203
  ],
  "train_acc": [
    0.748101005953603,
    0.8858550605625128,
    0.9328679942516936,
    0.9599671525354136,
    0.9663313487990146,
    0.9761855881749127,
    0.9794703346335455,
    0.9850133442824882,
    0.9866557175118046,
    0.9870663108191337,
    0.988298090741121,
    0.9862451242044755,
    0.988298090741121,
    0.9934305070827345,
    0.9930199137754054,
    0.9924040238144118,
    0.9946622870047218,
    0.9907616505850955,
    0.9969205501950318,
    0.9940463970437282,
    0.9936358037363991,
    0.9944569903510573,
    0.9952781769657154,
    0.99548347361938,
    0.99548347361938,
    0.9946622870047218,
    0.9963046602340382,
    0.9967152535413673,
    0.9971258468486963,
    0.9967152535413673,
    0.9975364401560255,
    0.997331143502361,
    0.9965099568877027,
    0.9958940669267091,
    0.9956887702730446,
    0.99774173680969,
    0.9987682200780127,
    0.9985629234243482,
    0.9981523301170191,
    0.9983576267706836,
    0.99774173680969,
    0.9987682200780127,
    0.997331143502361,
    0.9975364401560255,
    0.9981523301170191,
    0.9991788133853419,
    0.9971258468486963,
    0.9983576267706836,
    0.9995894066926709,
    0.9993841100390064,
    0.9985629234243482,
    0.9989735167316772,
    0.9981523301170191
  ],
  "val_loss": [
    0.36255303939576006,
    0.16468768617357246,
    0.2796052217201102,
    0.18931681927782804,
    0.04198989141539726,
    0.03100934597598324,
    0.02381164146566357,
    0.032082602290494,
    0.12993159640920807,
    0.03200868911069759,
    0.04998146109159548,
    0.028292458285834533,
    0.03707528367632187,
    0.014227922054731449,
    0.014732592099296215,
    0.011036599538996304,
    0.011216802027423952,
    0.02121725352534762,
    0.013524915235712356,
    0.026755493306874597,
    0.04652804509000301,
    0.019592593933288438,
    0.011601028619571878,
    0.007432046166442701,
    0.020803944717700498,
    0.01800080049064697,
    0.014713687454371849,
    0.012303015199663965,
    0.008006437169547763,
    0.03506681085180097,
    0.034991818217446534,
    0.024675776280261387,
    0.010708612516997429,
    0.01247970684303071,
    0.011483817309929088,
    0.010548101524043674,
    0.007474272466043253,
    0.004272133958362351,
    0.02284347940119231,
    0.010761387842155313,
    0.009499267726523706,
    0.008648866674469,
    0.010788624347678131,
    0.04577195802415907,
    0.01679235905331299,
    0.009074798547605652,
    0.02889415933708877,
    0.007882836148877517,
    0.00891577252435727,
    0.00780870690951861,
    0.012932375876573777,
    0.01924171247613221,
    0.008555528815316177
  ],
  "val_acc": [
    0.8462199312714777,
    0.9527491408934707,
    0.8823024054982818,
    0.9252577319587629,
    0.9879725085910653,
    0.9948453608247423,
    0.9957044673539519,
    0.993127147766323,
    0.9501718213058419,
    0.993127147766323,
    0.9871134020618557,
    0.9939862542955327,
    0.9871134020618557,
    0.9974226804123711,
    0.9957044673539519,
    0.9982817869415808,
    0.9965635738831615,
    0.9948453608247423,
    0.9965635738831615,
    0.9896907216494846,
    0.9871134020618557,
    0.9939862542955327,
    0.9974226804123711,
    0.9974226804123711,
    0.9905498281786942,
    0.9974226804123711,
    0.9948453608247423,
    0.9974226804123711,
    0.9957044673539519,
    0.9879725085910653,
    0.988831615120275,
    0.9905498281786942,
    0.9974226804123711,
    0.9974226804123711,
    0.9974226804123711,
    0.9982817869415808,
    0.9982817869415808,
    0.9982817869415808,
    0.9914089347079038,
    0.9982817869415808,
    0.9974226804123711,
    0.9982817869415808,
    0.9974226804123711,
    0.9871134020618557,
    0.9974226804123711,
    0.9982817869415808,
    0.9939862542955327,
    0.9974226804123711,
    0.9982817869415808,
    0.9982817869415808,
    0.9965635738831615,
    0.993127147766323,
    0.9982817869415808
  ],
  "lr": [
    0.001,
    0.0009997557473810372,
    0.0009990232305719946,
    0.0009978031724785247,
    0.0009960967771506667,
    0.0009939057285945933,
    0.0009912321891107012,
    0.0009880787971596802,
    0.0009844486647586726,
    0.000980345374410087,
    0.0009757729755661012,
    0.0009707359806323418,
    0.0009652393605146846,
    0.0009592885397135708,
    0.0009528893909706799,
    0.0009460482294732424,
    0.0009387718066217127,
    0.0009310673033669524,
    0.0009229423231234977,
    0.0009144048842659084,
    0.0009054634122155993,
    0.0008961267311259671,
    0.000886404055174016,
    0.0008763049794670778,
    0.000865839470573599,
    0.0008550178566873413,
    0.0008438508174347012,
    0.000832349373335208,
    0.0008205248749256018,
    0.0008083889915582238,
    0.0007959536998847747,
    0.0007832312720368051,
    0.0007702342635146037,
    0.0007569755007964342,
    0.0007434680686803494,
    0.0007297252973710761,
    0.0007157607493247114,
    0.0007015882058642168,
    0.0006872216535789162,
    0.0006726752705214198,
    0.0006579634122155995,
    0.000643100597489419,
    0.0006281014941466035,
    0.000612980904491289,
    0.0005977537507199342,
    0.0005824350601949147,
    0.000567039950614331,
    0.0005515836150926649,
    0.0005360813071670105,
    0.0005205483257436738,
    0.0005050000000000002,
    0.0004894516742563267,
    0.0004739186928329901
  ]
}