{
  "train_loss": [
    2.1732443678628233,
    1.0543389359716535,
    0.8469179654934488,
    0.6953701271344596,
    0.5768469729439261,
    0.5157164028375456,
    0.4535023677598263,
    0.4046782712535103,
    0.3497985707323412,
    0.301122870513446,
    0.28251213897572885,
    0.24824167429023844,
    0.2172168554826276,
    0.20713081039545692,
    0.18523479868607684,
    0.19268857642631196,
    0.14844245682455132,
    0.13992001131029413,
    0.12224791492811918,
    0.13306685490380027,
    0.12792463999393225,
    0.11088444308118589,
    0.10807873029979018,
    0.10862167373020919,
    0.08513222245460558,
    0.07389822269495827,
    0.07913208419274707,
    0.07155621804223203,
    0.07604876765520266,
    0.0703570859053872,
    0.06141675609533805,
    0.06389303699676746,
    0.05483662629678304,
    0.05864077238458218,
    0.04170409585907645,
    0.043084406145367814,
    0.04426967651799436,
    0.04711397564319363,
    0.04626916658965209,
    0.0590176461889471,
    0.039553102757474375,
    0.044147550084344366,
    0.040323744146348,
    0.03434127346254943,
    0.04363525132018544,
    0.03794912722195336,
    0.030143335469812974,
    0.03638258186241712,
    0.03342585011546237,
    0.03811435059032621,
    0.026638839414345288,
    0.024072468579962963,
    0.03250774264138917,
    0.026455482527433318,
    0.0303566447767553,
    0.03054642860088149,
    0.026960018791700943,
    0.028299571638896126,
    0.02258942040181396,
    0.028760553910361135,
    0.030902208303428196,
    0.024393756084996547,
    0.020875470636963715,
    0.020667115019427404,
    0.025298057197786793,
    0.022896917600377296
  ],
  "train_acc": [
    0.36743674367436746,
    0.6298129812981298,
    0.7040704070407041,
    0.7783278327832783,
    0.819031903190319,
    0.8432343234323433,
    0.8564356435643564,
    0.8839383938393839,
    0.8927392739273927,
    0.9185918591859186,
    0.9218921892189219,
    0.9317931793179318,
    0.9422442244224423,
    0.9356435643564357,
    0.9460946094609461,
    0.9471947194719472,
    0.9664466446644664,
    0.9664466446644664,
    0.9713971397139713,
    0.9642464246424642,
    0.9642464246424642,
    0.9741474147414741,
    0.9741474147414741,
    0.9708470847084708,
    0.9801980198019802,
    0.9851485148514851,
    0.9812981298129813,
    0.9818481848184818,
    0.9790979097909791,
    0.9823982398239824,
    0.9801980198019802,
    0.9851485148514851,
    0.9862486248624862,
    0.9851485148514851,
    0.9928492849284929,
    0.9933993399339934,
    0.9900990099009901,
    0.9911991199119912,
    0.9928492849284929,
    0.9801980198019802,
    0.9933993399339934,
    0.9873487348734874,
    0.988998899889989,
    0.9928492849284929,
    0.9867986798679867,
    0.988998899889989,
    0.9944994499449945,
    0.988998899889989,
    0.9922992299229924,
    0.9895489548954896,
    0.9944994499449945,
    0.9977997799779978,
    0.9922992299229924,
    0.9933993399339934,
    0.988998899889989,
    0.9917491749174917,
    0.9911991199119912,
    0.993949394939494,
    0.9955995599559956,
    0.9933993399339934,
    0.9906490649064906,
    0.9944994499449945,
    0.995049504950495,
    0.9961496149614961,
    0.9944994499449945,
    0.9966996699669967
  ],
  "val_loss": [
    2.3748102387816634,
    0.9220239458560842,
    0.7347423396556545,
    0.5290560087387505,
    0.46382483783661294,
    0.3241861300299719,
    0.31390027808428733,
    0.2589907141472773,
    0.22187190144274807,
    0.17747970719908163,
    0.18524810630560906,
    0.1262881372718435,
    0.11848719828022816,
    0.148802755283323,
    0.11081656537625197,
    0.08595352559098397,
    0.09294104307475484,
    0.0689525308778159,
    0.10504074393982817,
    0.08681810548516228,
    0.06290906559015046,
    0.05212583867340954,
    0.06350227277481903,
    0.052519888826725925,
    0.026650654236846875,
    0.03748683558995603,
    0.037032804233104046,
    0.1465512244430886,
    0.0396794708580886,
    0.03310284233904889,
    0.07793316291170106,
    0.031241880083009377,
    0.03535563683939803,
    0.03275583055866698,
    0.02114938502840032,
    0.018744430152192886,
    0.030685990432481748,
    0.02025786071867343,
    0.016014475601743683,
    0.010662756534313297,
    0.022577315860362306,
    0.026469090255652434,
    0.026981311910057638,
    0.04262105764649549,
    0.0247693503376977,
    0.012488223473765268,
    0.02602586357279131,
    0.014816220762440935,
    0.014138076364001618,
    0.015545231563347564,
    0.006433940105319433,
    0.012110987518649209,
    0.021127938223386437,
    0.019547789421504758,
    0.02563564175166009,
    0.014631212361901938,
    0.023324024704270165,
    0.01013343135607861,
    0.011562834040106185,
    0.0244382344194007,
    0.012230533468934084,
    0.009039308776523614,
    0.014832054726704251,
    0.021600250987693286,
    0.011001764341201805,
    0.013729886820350708
  ],
  "val_acc": [
    0.31958762886597936,
    0.6512027491408935,
    0.7577319587628866,
    0.8865979381443299,
    0.9020618556701031,
    0.9450171821305842,
    0.9329896907216495,
    0.9604810996563574,
    0.9759450171821306,
    0.9690721649484536,
    0.9690721649484536,
    0.9845360824742269,
    0.979381443298969,
    0.9639175257731959,
    0.9776632302405498,
    0.9845360824742269,
    0.9845360824742269,
    0.9914089347079038,
    0.9656357388316151,
    0.9725085910652921,
    0.9879725085910653,
    0.9896907216494846,
    0.9845360824742269,
    0.9862542955326461,
    0.9965635738831615,
    0.9948453608247423,
    0.9879725085910653,
    0.9312714776632303,
    0.9862542955326461,
    0.9914089347079038,
    0.9707903780068728,
    0.9896907216494846,
    0.9862542955326461,
    0.9914089347079038,
    0.993127147766323,
    0.9965635738831615,
    0.9862542955326461,
    0.9948453608247423,
    0.9965635738831615,
    0.9982817869415808,
    0.9948453608247423,
    0.993127147766323,
    0.993127147766323,
    0.9896907216494846,
    0.9914089347079038,
    0.9982817869415808,
    0.9896907216494846,
    0.9948453608247423,
    0.9965635738831615,
    0.9948453608247423,
    1.0,
    0.9948453608247423,
    0.993127147766323,
    0.993127147766323,
    0.9914089347079038,
    0.9965635738831615,
    0.9914089347079038,
    0.9948453608247423,
    0.9948453608247423,
    0.9896907216494846,
    0.9965635738831615,
    0.9982817869415808,
    0.993127147766323,
    0.9896907216494846,
    0.9948453608247423,
    0.9948453608247423
  ],