{
  "train_loss": [
    0.37625201533527436,
    0.0909849583395348,
    0.036407196957797115,
    0.033014815755958896,
    0.016316689345781846,
    0.01346609948754384,
    0.015461737795047305,
    0.010185835823889763,
    0.008696283870843815,
    0.006778311949854209
  ],
  "train_acc": [
    0.8617660656495608,
    0.974264139312683,
    0.9919864385883803,
    0.9904453690861458,
    0.996301433194637,
    0.9973801818462013,
    0.9955308984435198,
    0.9981507165973186,
    0.9979966096470951,
    0.9990753582986592
  ],
  "val_loss": [
    0.0,
    0.0,
    0.0,
    0.0,
    0.0,
    0.0,
    0.0,
    0.0,
    0.0,
    0.0
  ],
  "val_acc": [
    0.0,
    0.0,
    0.0,
    0.0,
    0.0,
    0.0,
    0.0,
    0.0,
    0.0,
    0.0
  ],
  "lr": [
    0.001,
    0.0009757729755661011,
    0.000905463412215599,
    0.0007959536998847742,
    0.000657963412215599,
    0.000505,
    0.0003520365877844011,
    0.00021404630011522585,
    0.00010453658778440107,
    3.4227024433899005e-05
  ]
}