{
  "model": "cnn",
  "mode": "4class",
  "split": "fault_size_all_loads",
  "seed": 123,
  "parameters": 44228,
  "epochs_trained": 10,
  "best_val_acc": 0.9990753582986592,
  "best_epoch": 10,
  "test_metrics": {
    "accuracy": 0.6140876732858749,
    "macro_precision": 0.5456397506743167,
    "macro_recall": 0.6339632429725515,
    "macro_f1": 0.5788120099890102,
    "macro_auroc": 0.8239682925956083,
    "per_class_metrics": {
      "Normal": {
        "precision": 0.9823943661971831,
        "recall": 1.0,
        "f1": 0.9911190053285968,
        "support": 558
      },
      "Ball": {
        "precision": 0.5809273840769904,
        "recall": 0.9418439716312057,
        "f1": 0.7186147186147186,
        "support": 705
      },
      "IR": {
        "precision": 0.612094395280236,
        "recall": 0.5911680911680912,
        "f1": 0.6014492753623188,
        "support": 702
      },
      "OR": {
        "precision": 0.007142857142857143,
        "recall": 0.002840909090909091,
        "f1": 0.0040650406504065045,
        "support": 704
      }
    },
    "confusion_matrix": [
      [
        558,
        0,
        0,
        0
      ],
      [
        10,
        664,
        15,
        16
      ],
      [
        0,
        25,
        415,
        262
      ],
      [
        0,
        454,
        248,
        2
      ]
    ]
  },
  "noise_robustness": null,
  "kfold_cv": {
    "fold_results": [
      {
        "fold": 1,
        "best_val_acc": 1.0,
        "best_epoch": 18,
        "epochs_trained": 24,
        "final_val_loss": 0.0024149092443232737
      },
      {
        "fold": 2,
        "best_val_acc": 1.0,
        "best_epoch": 8,
        "epochs_trained": 27,
        "final_val_loss": 0.0012401743143303596
      },
      {
        "fold": 3,
        "best_val_acc": 1.0,
        "best_epoch": 10,
        "epochs_trained": 25,
        "final_val_loss": 0.045397906575081505
      }
    ],
    "mean_val_acc": 1.0,
    "std_val_acc": 0.0,
    "mean_best_epoch": 12.0,
    "median_best_epoch": 10,
    "optimal_epochs": 10,
    "n_folds": 3
  },
  "timestamp": "2025-12-21T12:58:00.318107"
}