{
  "train_loss": [
    0.3485904461709317,
    0.057276087824861766,
    0.018846801909381407,
    0.008066796981630634,
    0.008100091268827976,
    0.0018947606056424553,
    0.0008149499956154146,
    0.0018323604041554195,
    0.000828687358872929,
    0.0012606822887405906,
    0.000606280456547908,
    0.0007950636460965784,
    0.001429770482203115,
    0.000610844535506981,
    0.0011414522600241479,
    0.00022796230757411397,
    0.00025297345198468756,
    0.0003600549395108492,
    0.0006695500283542847,
    0.0008142376656477747,
    0.00018733717737132082,
    0.00023209485673237446,
    0.0005737033957834793,
    0.001330262353693786
  ],
  "train_acc": [
    0.5605060506050605,
    0.9526952695269527,
    0.9862486248624862,
    0.9933993399339934,
    0.9944994499449945,
    0.9983498349834984,
    0.9994499449944995,
    0.9977997799779978,
    0.9988998899889989,
    0.9988998899889989,
    0.9994499449944995,
    0.9994499449944995,
    0.9983498349834984,
    0.9994499449944995,
    0.9983498349834984,
    1.0,
    1.0,
    1.0,
    0.9988998899889989,
    0.9988998899889989,
    1.0,
    1.0,
    0.9994499449944995,
    0.9994499449944995
  ],
  "val_loss": [
    0.19525360259070634,
    0.04815094136789799,
    0.003392447495994598,
    0.00620148463339483,
    0.0032421752949819208,
    0.011176455430884271,
    0.004329844312945422,
    0.002564859151659482,
    0.0009154491721308107,
    0.0004931830587673081,
    0.0007918150904973603,
    0.00019656893976803397,
    0.0034510840738770972,
    0.003978034907148871,
    0.00033126616603872436,
    0.00019858427421220808,
    6.452247423633505e-05,
    2.3634524838006603e-05,
    0.0038410074395357923,
    0.0038783028979936835,
    0.00885070759796526,
    0.011366505801433715,
    0.015184287450386153,
    0.004218533900676413
  ],
  "val_acc": [
    0.8814432989690721,
    0.9656357388316151,
    0.9965635738831615,
    0.9982817869415808,
    0.9965635738831615,
    0.9948453608247423,
    0.9965635738831615,
    0.9982817869415808,
    1.0,
    0.9982817869415808,
    0.9982817869415808,
    1.0,
    0.9965635738831615,
    0.9965635738831615,
    1.0,
    1.0,
    1.0,
    1.0,
    0.9982817869415808,
    0.9982817869415808,
    0.9982817869415808,
    0.9982817869415808,
    0.9982817869415808,
    0.9965635738831615
  ],
  "lr": [
    0.001,
    0.0009997557473810372,
    0.0009990232305719946,
    0.0009978031724785247,
    0.0009960967771506667,
    0.0009939057285945933,
    0.0009912321891107012,
    0.0009880787971596802,
    0.0009844486647586726,
    0.000980345374410087,
    0.0009757729755661012,
    0.0009707359806323418,
    0.0009652393605146846,
    0.0009592885397135708,
    0.0009528893909706799,
    0.0009460482294732424,
    0.0009387718066217127,
    0.0009310673033669524,
    0.0009229423231234977,
    0.0009144048842659084,
    0.0009054634122155993,
    0.0008961267311259671,
    0.000886404055174016,
    0.0008763049794670778
  ]
}