{
  "train_loss": [
    0.6350023843955269,
    0.2920621339024472,
    0.1971218793011867,
    0.13702673820334768,
    0.0978683993523186,
    0.08630169726704773,
    0.06318728315881625,
    0.07212685882506785,
    0.06283239333494026,
    0.03912597033056579,
    0.035849756704808944,
    0.032401070273539626,
    0.03602441928376777,
    0.030583440918483803,
    0.024109344322978534,
    0.025228011170100078,
    0.023580560099705977,
    0.02493822794263061,
    0.020176382118783847,
    0.01851385543531094,
    0.01633642458903168,
    0.013637808972353614,
    0.016947185020783684,
    0.01914188646359797,
    0.015541905952528428,
    0.012814846897034693,
    0.012012706509295826,
    0.013266542020680781,
    0.012241426457364726,
    0.013446098110928988,
    0.01303858931547861,
    0.009709333184591908,
    0.00787352338900552,
    0.008673027333021908,
    0.01068578337517467,
    0.012278714399456709,
    0.006825785821996242,
    0.010187110516220312,
    0.008248082839535311,
    0.007832378793081062,
    0.0066871313490830106,
    0.010559151904916365,
    0.006387532285098419,
    0.005025380633096875,
    0.007816669456456166,
    0.004925949529650424,
    0.006913696267735576,
    0.005518005890502158,
    0.00438637880670961,
    0.005213245409620179,
    0.0098530161512847,
    0.0058862317909489075
  ],
  "train_acc": [
    0.7499486758365839,
    0.8870868404845001,
    0.934099774173681,
    0.9554506261547937,
    0.9722849517552864,
    0.9724902484089509,
    0.9813180045165264,
    0.9759802915212482,
    0.9790597413262164,
    0.9885033873947855,
    0.9880927940874564,
    0.9905563539314309,
    0.9880927940874564,
    0.99096694723876,
    0.9930199137754054,
    0.9917881338534182,
    0.99322521042907,
    0.9924040238144118,
    0.99322521042907,
    0.9948675836583863,
    0.9944569903510573,
    0.9967152535413673,
    0.9952781769657154,
    0.9944569903510573,
    0.9958940669267091,
    0.9965099568877027,
    0.9965099568877027,
    0.99548347361938,
    0.9967152535413673,
    0.9965099568877027,
    0.9958940669267091,
    0.9969205501950318,
    0.99774173680969,
    0.9975364401560255,
    0.9956887702730446,
    0.9958940669267091,
    0.9979470334633546,
    0.997331143502361,
    0.9971258468486963,
    0.9981523301170191,
    0.9979470334633546,
    0.9967152535413673,
    0.9983576267706836,
    0.9987682200780127,
    0.9979470334633546,
    0.9989735167316772,
    0.9979470334633546,
    0.9979470334633546,
    0.9985629234243482,
    0.9989735167316772,
    0.997331143502361,
    0.9979470334633546
  ],
  "val_loss": [
    0.32881318364245177,
    0.19524622030068486,
    0.6624436806055247,
    0.06691170795008512,
    0.10345643008224396,
    0.03926250864973598,
    0.17394121657767111,
    0.061690405739972955,
    0.025293636409768026,
    0.025330532673689128,
    0.01500091408427381,
    0.017716798994964318,
    0.01915450471393761,
    0.021453115004143982,
    0.05193883026953062,
    0.011840380386073185,
    0.0944038616983068,
    0.00905021445567062,
    0.015845285817985562,
    0.02670258624818476,
    0.024026907122479128,
    0.007764768394153264,
    0.004362541334201749,
    0.03350286428827754,
    0.013810031493856144,
    0.006727217627393511,
    0.012978482279063225,
    0.013619491004109308,
    0.005307189117392105,
    0.06702973329874569,
    0.039565620317486325,
    0.0324464522472569,
    0.005958548642125994,
    0.011462684683449678,
    0.025348259839943498,
    0.003460724342404972,
    0.0022820034022092554,
    0.06826495234910526,
    0.019629583629382264,
    0.011335841234590555,
    0.0025074148041795458,
    0.006113142781476027,
    0.0032864646792901226,
    0.01677819460354211,
    0.002072526849315533,
    0.0051247300786089,
    0.004032475032278894,
    0.013725826809520432,
    0.001799516043801483,
    0.0013240883336948955,
    0.006841725910032853,
    0.005018488551398797
  ],
  "val_acc": [
    0.9132302405498282,
    0.9432989690721649,
    0.8032646048109966,
    0.9853951890034365,
    0.9647766323024055,
    0.9896907216494846,
    0.9518900343642611,
    0.9776632302405498,
    0.9939862542955327,
    0.9922680412371134,
    0.993127147766323,
    0.9948453608247423,
    0.9914089347079038,
    0.9896907216494846,
    0.9828178694158075,
    0.9965635738831615,
    0.9750859106529209,
    0.9974226804123711,
    0.9922680412371134,
    0.9871134020618557,
    0.9879725085910653,
    0.9974226804123711,
    0.9991408934707904,
    0.9879725085910653,
    0.9948453608247423,
    0.9982817869415808,
    0.9957044673539519,
    0.9948453608247423,
    0.9974226804123711,
    0.9785223367697594,
    0.9905498281786942,
    0.9871134020618557,
    0.9957044673539519,
    0.9957044673539519,
    0.9896907216494846,
    0.9982817869415808,
    0.9991408934707904,
    0.9785223367697594,
    0.9922680412371134,
    0.9948453608247423,
    0.9982817869415808,
    0.9982817869415808,
    0.9991408934707904,
    0.993127147766323,
    0.9991408934707904,
    0.9982817869415808,
    0.9991408934707904,
    0.9939862542955327,
    0.9991408934707904,
    0.9991408934707904,
    0.9965635738831615,
    0.9982817869415808
  ],
  "lr": [
    0.001,
    0.0009997557473810372,
    0.0009990232305719946,
    0.0009978031724785247,
    0.0009960967771506667,
    0.0009939057285945933,
    0.0009912321891107012,
    0.0009880787971596802,
    0.0009844486647586726,
    0.000980345374410087,
    0.0009757729755661012,
    0.0009707359806323418,
    0.0009652393605146846,
    0.0009592885397135708,
    0.0009528893909706799,
    0.0009460482294732424,
    0.0009387718066217127,
    0.0009310673033669524,
    0.0009229423231234977,
    0.0009144048842659084,
    0.0009054634122155993,
    0.0008961267311259671,
    0.000886404055174016,
    0.0008763049794670778,
    0.000865839470573599,
    0.0008550178566873413,
    0.0008438508174347012,
    0.000832349373335208,
    0.0008205248749256018,
    0.0008083889915582238,
    0.0007959536998847747,
    0.0007832312720368051,
    0.0007702342635146037,
    0.0007569755007964342,
    0.0007434680686803494,
    0.0007297252973710761,
    0.0007157607493247114,
    0.0007015882058642168,
    0.0006872216535789162,
    0.0006726752705214198,
    0.0006579634122155995,
    0.000643100597489419,
    0.0006281014941466035,
    0.000612980904491289,
    0.0005977537507199342,
    0.0005824350601949147,
    0.000567039950614331,
    0.0005515836150926649,
    0.0005360813071670105,
    0.0005205483257436738,
    0.0005050000000000002,
    0.0004894516742563267
  ]
}