{
  "train_loss": [
    0.3136369139674972,
    0.05692893273618323,
    0.019503560551354705,
    0.010768073041390333,
    0.026102809342056617,
    0.0030947802886675526,
    0.006219816080465516,
    0.012585556029944303,
    0.006267346777261056,
    0.002139122775637497,
    0.010332720116562236,
    0.0030032930268521123,
    0.00510726454226757,
    0.01722529457854163,
    0.004536261669978232,
    5.149758929058134e-05,
    6.0930862502756717e-05,
    2.1035531480956936e-05,
    1.1617704900426392e-05,
    1.9052630174191075e-05,
    2.7589274875399778e-05,
    2.2473786801933213e-05,
    7.624467965602356e-06,
    0.004004465031137518
  ],
  "train_acc": [
    0.8721001847669883,
    0.9852186409361527,
    0.9926093204680764,
    0.997331143502361,
    0.9928146171217409,
    0.9989735167316772,
    0.99774173680969,
    0.9969205501950318,
    0.9991788133853419,
    0.9991788133853419,
    0.9985629234243482,
    0.9993841100390064,
    0.9979470334633546,
    0.9960993635803737,
    0.9985629234243482,
    1.0,
    1.0,
    1.0,
    1.0,
    1.0,
    1.0,
    1.0,
    1.0,
    0.9991788133853419
  ],
  "val_loss": [
    0.05854809943463222,
    0.02278504790910013,
    0.23951899532958398,
    0.006102946302722626,
    0.005935693605665948,
    0.1009955075772626,
    0.011376149544182923,
    0.0010650854547836546,
    7.915056953254251e-07,
    1.682544105533124e-05,
    4.8908497498573885e-06,
    1.4282482716528316e-05,
    0.002679352554846829,
    5.417571106074536e-07,
    9.35276964763837e-06,
    1.3875601027023646e-06,
    3.9121833262815676e-08,
    2.8675693804219078e-08,
    2.611537078380448e-08,
    7.762860085179031e-08,
    9.739368731124498e-08,
    7.803812236509249e-08,
    2.7711781303122565e-07,
    0.024553130407012513
  ],
  "val_acc": [
    0.9896907216494846,
    0.9922680412371134,
    0.9243986254295533,
    0.9982817869415808,
    0.9982817869415808,
    0.9707903780068728,
    0.9982817869415808,
    1.0,
    1.0,
    1.0,
    1.0,
    1.0,
    0.9991408934707904,
    1.0,
    1.0,
    1.0,
    1.0,
    1.0,
    1.0,
    1.0,
    1.0,
    1.0,
    1.0,
    0.9965635738831615
  ],
  "lr": [
    0.001,
    0.0009997557473810372,
    0.0009990232305719946,
    0.0009978031724785247,
    0.0009960967771506667,
    0.0009939057285945933,
    0.0009912321891107012,
    0.0009880787971596802,
    0.0009844486647586726,
    0.000980345374410087,
    0.0009757729755661012,
    0.0009707359806323418,
    0.0009652393605146846,
    0.0009592885397135708,
    0.0009528893909706799,
    0.0009460482294732424,
    0.0009387718066217127,
    0.0009310673033669524,
    0.0009229423231234977,
    0.0009144048842659084,
    0.0009054634122155993,
    0.0008961267311259671,
    0.000886404055174016,
    0.0008763049794670778
  ]
}