{
  "model": "cnnlstm",
  "mode": "4class",
  "split": "cross_load",
  "seed": 456,
  "parameters": 711876,
  "epochs_trained": 24,
  "best_val_acc": 1.0,
  "best_epoch": 8,
  "test_metrics": {
    "accuracy": 0.9993466187520418,
    "macro_precision": 0.9992937853107344,
    "macro_recall": 0.9992917847025495,
    "macro_f1": 0.9992917832816717,
    "macro_auroc": 0.9999984963581796,
    "per_class_metrics": {
      "Normal": {
        "precision": 1.0,
        "recall": 1.0,
        "f1": 1.0,
        "support": 945
      },
      "Ball": {
        "precision": 1.0,
        "recall": 1.0,
        "f1": 1.0,
        "support": 704
      },
      "IR": {
        "precision": 1.0,
        "recall": 0.9971671388101983,
        "f1": 0.9985815602836879,
        "support": 706
      },
      "OR": {
        "precision": 0.9971751412429378,
        "recall": 1.0,
        "f1": 0.9985855728429985,
        "support": 706
      }
    },
    "confusion_matrix": [
      [
        945,
        0,
        0,
        0
      ],
      [
        0,
        704,
        0,
        0
      ],
      [
        0,
        0,
        704,
        2
      ],
      [
        0,
        0,
        0,
        706
      ]
    ]
  },
  "noise_robustness": null,
  "kfold_cv": null,
  "timestamp": "2025-12-21T13:14:17.187010"
}