{
  "train_loss": [
    0.27467332433149655,
    0.09184704649212327,
    0.049015203837031465,
    0.03064926979739818,
    0.0207255540806315,
    0.01660881336020025,
    0.015044990160925456,
    0.012421798815498366,
    0.011609323920116878,
    0.010253037946201984,
    0.009831570953949953,
    0.008160662028142265
  ],
  "train_acc": [
    0.7213746339959932,
    0.9348127600554785,
    0.969178609955309,
    0.9799660964709508,
    0.989520727384805,
    0.9918323316381569,
    0.9910617968870397,
    0.9935275080906149,
    0.9941439358915087,
    0.9952226845430729,
    0.994914470642626,
    0.9969178609955309
  ],
  "val_loss": [
    0.0,
    0.0,
    0.0,
    0.0,
    0.0,
    0.0,
    0.0,
    0.0,
    0.0,
    0.0,
    0.0,
    0.0
  ],
  "val_acc": [
    0.0,
    0.0,
    0.0,
    0.0,
    0.0,
    0.0,
    0.0,
    0.0,
    0.0,
    0.0,
    0.0,
    0.0
  ],
  "lr": [
    0.001,
    0.0009831332840130886,
    0.0009336825748732971,
    0.0008550178566873409,
    0.0007524999999999999,
    0.0006331154273257478,
    0.000505,
    0.00037688457267425233,
    0.00025750000000000013,
    0.000154982143312659,
    7.631742512670284e-05,
    2.6866715986911242e-05
  ]
}