{
  "train_loss": [
    0.08631561068230434,
    0.0011272901287516224,
    0.008860880295034654,
    0.000754098838135212,
    0.00030728372183955557,
    0.0004686489576181547,
    0.0002530337086323318,
    0.00033591072793483706,
    0.00017263461464295964,
    0.00028221278568631825
  ],
  "train_acc": [
    0.9047619047619048,
    0.9990753582986592,
    0.9955308984435198,
    0.9993835721991062,
    0.9998458930497766,
    0.9995376791493297,
    0.9996917860995531,
    0.9996917860995531,
    1.0,
    0.9996917860995531
  ],
  "val_loss": [
    0.0,
    0.0,
    0.0,
    0.0,
    0.0,
    0.0,
    0.0,
    0.0,
    0.0,
    0.0
  ],
  "val_acc": [
    0.0,
    0.0,
    0.0,
    0.0,
    0.0,
    0.0,
    0.0,
    0.0,
    0.0,
    0.0
  ],
  "lr": [
    0.001,
    0.0009757729755661011,
    0.000905463412215599,
    0.0007959536998847742,
    0.000657963412215599,
    0.000505,
    0.0003520365877844011,
    0.00021404630011522585,
    0.00010453658778440107,
    3.4227024433899005e-05
  ]
}