{
  "train_loss": [
    0.5983390101898621,
    0.15566606050801882,
    0.0900655097674683,
    0.052751436198439666,
    0.011683809142447066,
    0.019269329901836912,
    0.0034274092593475688,
    0.0006918723334976328,
    0.013906022245009309,
    0.07727488030070105,
    0.030146484144608764,
    0.02226220373191965,
    0.040680436076468963,
    0.02972817516461019,
    0.002938445200475099,
    0.007171131542271929,
    0.0014818583177798352,
    0.00023435494229716663,
    0.000126948733147992,
    9.744205895163775e-05,
    1.2777295476821409e-05
  ],
  "train_acc": [
    0.7321232123212321,
    0.9493949394939494,
    0.9675467546754676,
    0.9851485148514851,
    0.9955995599559956,
    0.995049504950495,
    0.9988998899889989,
    1.0,
    0.9961496149614961,
    0.9873487348734874,
    0.9895489548954896,
    0.9961496149614961,
    0.9917491749174917,
    0.9933993399339934,
    0.9988998899889989,
    0.9983498349834984,
    0.9988998899889989,
    1.0,
    1.0,
    1.0,
    1.0
  ],
  "val_loss": [
    1.1638042145532757,
    0.04776119214439151,
    0.0717967496329807,
    0.009678301931040406,
    0.014637209728323539,
    0.000801797849814153,
    1.943502743608001e-05,
    0.0001230134695313962,
    0.008088601754715827,
    0.016616778817310145,
    0.00030526173155528616,
    0.00022544258548574093,
    0.018104556850404414,
    0.004983097463616627,
    1.5750333398748985e-06,
    0.004633863015072359,
    1.8194610904309018e-06,
    1.0937675481935087e-07,
    3.1748109424344553e-08,
    2.29405879310045e-08,
    2.4579202813579926e-08
  ],
  "val_acc": [
    0.627147766323024,
    0.9845360824742269,
    0.9776632302405498,
    0.9948453608247423,
    0.9982817869415808,
    1.0,
    1.0,
    1.0,
    0.9982817869415808,
    0.9948453608247423,
    1.0,
    1.0,
    0.9965635738831615,
    0.9982817869415808,
    1.0,
    0.9982817869415808,
    1.0,
    1.0,
    1.0,
    1.0,
    1.0
  ],
  "lr": [
    0.001,
    0.0009997557473810372,
    0.0009990232305719946,
    0.0009978031724785247,
    0.0009960967771506667,
    0.0009939057285945933,
    0.0009912321891107012,
    0.0009880787971596802,
    0.0009844486647586726,
    0.000980345374410087,
    0.0009757729755661012,
    0.0009707359806323418,
    0.0009652393605146846,
    0.0009592885397135708,
    0.0009528893909706799,
    0.0009460482294732424,
    0.0009387718066217127,
    0.0009310673033669524,
    0.0009229423231234977,
    0.0009144048842659084,
    0.0009054634122155993
  ]
}