{
  "train_loss": [
    0.19867999799769745,
    0.023299491311393198,
    0.012817908555222838,
    0.002691439490700029,
    0.001270503646988934,
    0.0015121542209905246,
    0.0008774021253228905,
    0.00018491150608028432,
    3.9845084365689384e-05,
    2.1877142093830874e-05
  ],
  "train_acc": [
    0.9254122360918478,
    0.9939898289412853,
    0.9964555401448605,
    0.9989212513484358,
    0.9995376791493297,
    0.9996917860995531,
    0.9998458930497766,
    0.9998458930497766,
    1.0,
    1.0
  ],
  "val_loss": [
    0.0,
    0.0,
    0.0,
    0.0,
    0.0,
    0.0,
    0.0,
    0.0,
    0.0,
    0.0
  ],
  "val_acc": [
    0.0,
    0.0,
    0.0,
    0.0,
    0.0,
    0.0,
    0.0,
    0.0,
    0.0,
    0.0
  ],
  "lr": [
    0.001,
    0.0009757729755661011,
    0.000905463412215599,
    0.0007959536998847742,
    0.000657963412215599,
    0.000505,
    0.0003520365877844011,
    0.00021404630011522585,
    0.00010453658778440107,
    3.4227024433899005e-05
  ]
}