{
  "model": "cnnlstm",
  "mode": "4class",
  "split": "fault_size_all_loads",
  "seed": 456,
  "parameters": 711876,
  "epochs_trained": 10,
  "best_val_acc": 1.0,
  "best_epoch": 10,
  "test_metrics": {
    "accuracy": 0.5979767703259647,
    "macro_precision": 0.5931626440389113,
    "macro_recall": 0.6186018670061223,
    "macro_f1": 0.5534911449593242,
    "macro_auroc": 0.8244291578915639,
    "per_class_metrics": {
      "Normal": {
        "precision": 1.0,
        "recall": 1.0,
        "f1": 1.0,
        "support": 558
      },
      "Ball": {
        "precision": 0.3955732122587968,
        "recall": 0.9886524822695035,
        "f1": 0.5650587758411025,
        "support": 705
      },
      "IR": {
        "precision": 0.9770773638968482,
        "recall": 0.48575498575498577,
        "f1": 0.6489058039961941,
        "support": 702
      },
      "OR": {
        "precision": 0.0,
        "recall": 0.0,
        "f1": 0.0,
        "support": 704
      }
    },
    "confusion_matrix": [
      [
        558,
        0,
        0,
        0
      ],
      [
        0,
        697,
        8,
        0
      ],
      [
        0,
        361,
        341,
        0
      ],
      [
        0,
        704,
        0,
        0
      ]
    ]
  },
  "noise_robustness": null,
  "kfold_cv": {
    "fold_results": [
      {
        "fold": 1,
        "best_val_acc": 1.0,
        "best_epoch": 3,
        "epochs_trained": 18,
        "final_val_loss": 0.030912567181008453
      },
      {
        "fold": 2,
        "best_val_acc": 1.0,
        "best_epoch": 4,
        "epochs_trained": 19,
        "final_val_loss": 2.6013304316084943e-08
      },
      {
        "fold": 3,
        "best_val_acc": 1.0,
        "best_epoch": 4,
        "epochs_trained": 19,
        "final_val_loss": 0.02734052401916077
      }
    ],
    "mean_val_acc": 1.0,
    "std_val_acc": 0.0,
    "mean_best_epoch": 3.6666666666666665,
    "median_best_epoch": 4,
    "optimal_epochs": 10,
    "n_folds": 3
  },
  "timestamp": "2025-12-21T13:12:35.444107"
}