{
  "train_loss": [
    1.3503843324609321,
    0.24184799556619394,
    0.05102394569595524,
    0.04276598211171923,
    0.014225065423333474,
    0.014002150430511048,
    0.013487343680454475,
    0.005767434193933028,
    0.0031731759461001018,
    0.016474702246553737,
    0.0028320665118295794,
    0.008050845293287184,
    0.010579614637829917,
    0.0132084311064,
    0.005534130160820263,
    0.0007572232432729653,
    0.0014359365281486542,
    0.00037532132569602985,
    0.00025807604784744935,
    0.00035208554659115626,
    0.0013582905371454662,
    0.0002005376809122909,
    0.000523893586054472,
    0.00022523574534216045,
    0.00032997011321970636,
    0.00011781024036546596,
    0.00040612259237137404,
    0.00031776807170397426,
    0.00025505675410894454,
    0.0001102035469780571
  ],
  "train_acc": [
    0.5198019801980198,
    0.9224422442244224,
    0.9884488448844885,
    0.9900990099009901,
    0.9972497249724972,
    0.9966996699669967,
    0.9983498349834984,
    0.9977997799779978,
    1.0,
    0.9961496149614961,
    0.9988998899889989,
    0.9972497249724972,
    0.9955995599559956,
    0.9966996699669967,
    0.9994499449944995,
    1.0,
    0.9994499449944995,
    1.0,
    1.0,
    1.0,
    0.9994499449944995,
    1.0,
    1.0,
    1.0,
    1.0,
    1.0,
    1.0,
    1.0,
    1.0,
    1.0
  ],
  "val_loss": [
    1.2309518322203377,
    0.09664841010342264,
    0.0030577215564841663,
    0.0025570411330106575,
    0.015789842377876357,
    0.021699185809234925,
    0.01594843380897035,
    0.011501654934399556,
    0.01136545114361462,
    0.00884412204897165,
    0.0026522588879010216,
    0.011853794123927761,
    0.0076134780818399,
    0.013559273450036975,
    9.397894187045477e-05,
    0.00013157301252024424,
    0.0007403932613534623,
    7.192993792681485e-07,
    4.936047556091234e-07,
    3.426606890283691e-07,
    3.111219734960935e-07,
    1.6713641686533812e-07,
    1.626724296849768e-06,
    7.460773144943626e-07,
    6.467796092363734e-07,
    7.537015519190357e-07,
    7.168453340048518e-07,
    4.023482175785936e-06,
    2.5144449636300935e-05,
    1.5139023024673634e-05
  ],
  "val_acc": [
    0.5120274914089347,
    0.979381443298969,
    1.0,
    1.0,
    0.9965635738831615,
    0.9965635738831615,
    0.9948453608247423,
    0.9965635738831615,
    0.9982817869415808,
    0.9982817869415808,
    0.9982817869415808,
    0.9982817869415808,
    0.9982817869415808,
    0.9982817869415808,
    1.0,
    1.0,
    1.0,
    1.0,
    1.0,
    1.0,
    1.0,
    1.0,
    1.0,
    1.0,
    1.0,
    1.0,
    1.0,
    1.0,
    1.0,
    1.0
  ],
  "lr": [
    0.001,
    0.0009997557473810372,
    0.0009990232305719946,
    0.0009978031724785247,
    0.0009960967771506667,
    0.0009939057285945933,
    0.0009912321891107012,
    0.0009880787971596802,
    0.0009844486647586726,
    0.000980345374410087,
    0.0009757729755661012,
    0.0009707359806323418,
    0.0009652393605146846,
    0.0009592885397135708,
    0.0009528893909706799,
    0.0009460482294732424,
    0.0009387718066217127,
    0.0009310673033669524,
    0.0009229423231234977,
    0.0009144048842659084,
    0.0009054634122155993,
    0.0008961267311259671,
    0.000886404055174016,
    0.0008763049794670778,
    0.000865839470573599,
    0.0008550178566873413,
    0.0008438508174347012,
    0.000832349373335208,
    0.0008205248749256018,
    0.0008083889915582238
  ]
}