{
  "train_loss": [
    0.20314463112809972,
    0.010009105610002659,
    0.0011783711665950788,
    0.005075089258575989,
    0.006306353334714616,
    0.007865890092081586,
    0.0057187908064398225,
    0.010374389650887618,
    0.0040717773762738154,
    5.254452768083363e-05,
    1.578159513814196e-05,
    1.8529722134312842e-05,
    1.905315508450233e-05,
    9.317194123439222e-06,
    1.4289209154044937e-05,
    1.1331617065204398e-05,
    8.878357140396924e-06,
    1.0437836134693879e-05,
    5.0913090507314234e-05,
    5.453744003331265e-06,
    2.0545037761968737e-05
  ],
  "train_acc": [
    0.9195237117634982,
    0.9971258468486963,
    0.9997947033463355,
    0.9983576267706836,
    0.9981523301170191,
    0.9979470334633546,
    0.9991788133853419,
    0.9975364401560255,
    0.9987682200780127,
    1.0,
    1.0,
    1.0,
    1.0,
    1.0,
    1.0,
    1.0,
    1.0,
    1.0,
    1.0,
    1.0,
    1.0
  ],
  "val_loss": [
    0.00771161062094191,
    0.011038662710705693,
    0.005250164379071183,
    0.009120575016657194,
    0.018577707482167364,
    0.00012356662461844947,
    6.403187717764123e-05,
    0.014462515112964924,
    0.0005383319229044424,
    0.0002511584444753602,
    0.0002573576228322982,
    0.000106302997663042,
    0.0001159833089360811,
    0.00016419775820773424,
    1.3897142504323557e-06,
    1.2811358249087641e-06,
    9.78728346239839e-07,
    7.474548163244142e-07,
    2.4815107491212674e-06,
    2.978031854833382e-06,
    1.05833256741082e-05
  ],
  "val_acc": [
    0.9965635738831615,
    0.9982817869415808,
    0.9991408934707904,
    0.9982817869415808,
    0.9939862542955327,
    1.0,
    1.0,
    0.9974226804123711,
    1.0,
    1.0,
    1.0,
    1.0,
    1.0,
    1.0,
    1.0,
    1.0,
    1.0,
    1.0,
    1.0,
    1.0,
    1.0
  ],
  "lr": [
    0.001,
    0.0009997557473810372,
    0.0009990232305719946,
    0.0009978031724785247,
    0.0009960967771506667,
    0.0009939057285945933,
    0.0009912321891107012,
    0.0009880787971596802,
    0.0009844486647586726,
    0.000980345374410087,
    0.0009757729755661012,
    0.0009707359806323418,
    0.0009652393605146846,
    0.0009592885397135708,
    0.0009528893909706799,
    0.0009460482294732424,
    0.0009387718066217127,
    0.0009310673033669524,
    0.0009229423231234977,
    0.0009144048842659084,
    0.0009054634122155993
  ]
}