{
  "model": "lstm",
  "mode": "4class",
  "split": "cross_load",
  "seed": 456,
  "parameters": 631940,
  "epochs_trained": 21,
  "best_val_acc": 1.0,
  "best_epoch": 6,
  "test_metrics": {
    "accuracy": 0.9052597190460634,
    "macro_precision": 0.9160210262448929,
    "macro_recall": 0.8973027459438578,
    "macro_f1": 0.8948696995156517,
    "macro_auroc": 0.9905774285319042,
    "per_class_metrics": {
      "Normal": {
        "precision": 1.0,
        "recall": 1.0,
        "f1": 1.0,
        "support": 945
      },
      "Ball": {
        "precision": 1.0,
        "recall": 0.9914772727272727,
        "f1": 0.9957203994293866,
        "support": 704
      },
      "IR": {
        "precision": 0.9432773109243697,
        "recall": 0.6359773371104815,
        "f1": 0.7597292724196277,
        "support": 706
      },
      "OR": {
        "precision": 0.7208067940552016,
        "recall": 0.9617563739376771,
        "f1": 0.8240291262135923,
        "support": 706
      }
    },
    "confusion_matrix": [
      [
        945,
        0,
        0,
        0
      ],
      [
        0,
        698,
        0,
        6
      ],
      [
        0,
        0,
        449,
        257
      ],
      [
        0,
        0,
        27,
        679
      ]
    ]
  },
  "noise_robustness": null,
  "kfold_cv": null,
  "timestamp": "2025-12-21T13:07:39.697273"
}