{
  "train_loss": [
    1.1185587733098776,
    0.5059342579741944,
    0.39578602016299996,
    0.34222707919555134,
    0.30009787563312434,
    0.24664514574936383,
    0.1952068019818158,
    0.1685215997027092,
    0.14181225039515688,
    0.1275880666750886,
    0.11815279969746786,
    0.10017480537688772,
    0.07793885087481689,
    0.08249546894014734,
    0.08904539594555845,
    0.08722629918172808,
    0.060488834862399546,
    0.06091098493422055,
    0.044366495513712745,
    0.04221557264756186,
    0.04070984514796957,
    0.037056862139957576,
    0.05138575279115975,
    0.03573898632567052,
    0.04141489838478458,
    0.03224281641286854,
    0.03769063265795427,
    0.03305466417878932,
    0.02811296035641163,
    0.03531179615020818,
    0.02523186482075188,
    0.030609947780907417,
    0.030393612951171413,
    0.021013451209425008,
    0.016632731046990725,
    0.030848979853642787,
    0.01929540774806498,
    0.01428259953926138,
    0.020543162634122883,
    0.01487358838957053,
    0.017687053598434848,
    0.017220189495727307,
    0.013696564814307378,
    0.009785564044619551,
    0.013619478205905365,
    0.011359910399738056,
    0.012593633008606494,
    0.01518637046568317,
    0.011146743140747921,
    0.010151691415641206,
    0.012151277880594176,
    0.006524805812527835,
    0.009738449994945947,
    0.013821874081789299
  ],
  "train_acc": [
    0.566006600660066,
    0.7607260726072608,
    0.8366336633663366,
    0.8613861386138614,
    0.88998899889989,
    0.9136413641364136,
    0.94004400440044,
    0.9427942794279428,
    0.9642464246424642,
    0.9636963696369637,
    0.9642464246424642,
    0.9708470847084708,
    0.9801980198019802,
    0.9774477447744775,
    0.971947194719472,
    0.9708470847084708,
    0.9840484048404841,
    0.9823982398239824,
    0.9862486248624862,
    0.9873487348734874,
    0.9884488448844885,
    0.9911991199119912,
    0.982948294829483,
    0.9917491749174917,
    0.9884488448844885,
    0.9906490649064906,
    0.988998899889989,
    0.9895489548954896,
    0.9922992299229924,
    0.9900990099009901,
    0.9933993399339934,
    0.9895489548954896,
    0.9884488448844885,
    0.995049504950495,
    0.9961496149614961,
    0.9906490649064906,
    0.9955995599559956,
    0.9972497249724972,
    0.9944994499449945,
    0.9966996699669967,
    0.995049504950495,
    0.995049504950495,
    0.9977997799779978,
    0.9988998899889989,
    0.9955995599559956,
    0.9966996699669967,
    0.9972497249724972,
    0.9955995599559956,
    0.9961496149614961,
    0.9983498349834984,
    0.9972497249724972,
    1.0,
    0.9972497249724972,
    0.9955995599559956
  ],
  "val_loss": [
    5.875201611994059,
    0.4670682240187909,
    0.29120870892123646,
    0.4257537990142549,
    0.24863821375612066,
    0.33248789495788716,
    0.21135934480686752,
    0.21769110894285118,
    0.23890331705001622,
    0.40559454748720414,
    0.0681154300615548,
    0.06318543450682833,
    0.6437223431497157,
    0.03928838459666036,
    0.03394431659721351,
    0.19035493918851362,
    0.1679656787925871,
    0.022201295034743995,
    0.08995555923080048,
    0.08594913179649939,
    0.012646248324092503,
    0.15814443224063243,
    0.05120445237054137,
    0.0978215558460793,
    0.10437001389229401,
    0.04436802050982692,
    0.018746073504122357,
    0.01083528103676526,
    0.015379002236975508,
    0.006984704602032674,
    0.010876707422261557,
    0.05454085974206365,
    0.00645266877701364,
    0.03962324918735775,
    0.05737128241366976,
    0.02124005648133401,
    0.017489317873668385,
    0.027265799122212834,
    0.004040877540250584,
    0.009279242906729636,
    0.055432219419072636,
    0.014316690512920628,
    0.021450476300639405,
    0.026541311657088205,
    0.018928698752826722,
    0.019445915119578466,
    0.017663596474642634,
    0.03418714334651488,
    0.009124582879658524,
    0.0139204370987756,
    0.04183017237092322,
    0.039397508258600195,
    0.008211790194123313,
    0.05331956604852085
  ],
  "val_acc": [
    0.31958762886597936,
    0.8711340206185567,
    0.9261168384879725,
    0.7783505154639175,
    0.9123711340206185,
    0.8711340206185567,
    0.9261168384879725,
    0.8934707903780069,
    0.8797250859106529,
    0.8058419243986255,
    0.9810996563573883,
    0.9828178694158075,
    0.7371134020618557,
    0.9896907216494846,
    0.9896907216494846,
    0.9312714776632303,
    0.9312714776632303,
    0.993127147766323,
    0.9690721649484536,
    0.9604810996563574,
    1.0,
    0.9518900343642611,
    0.9776632302405498,
    0.9587628865979382,
    0.9673539518900344,
    0.9845360824742269,
    0.9948453608247423,
    0.9965635738831615,
    0.9948453608247423,
    1.0,
    0.9965635738831615,
    0.9776632302405498,
    0.9982817869415808,
    0.9845360824742269,
    0.979381443298969,
    0.9896907216494846,
    0.9948453608247423,
    0.9879725085910653,
    1.0,
    0.9982817869415808,
    0.9776632302405498,
    0.993127147766323,
    0.9914089347079038,
    0.9879725085910653,
    0.993127147766323,
    0.9896907216494846,
    0.993127147766323,
    0.9845360824742269,
    0.9982817869415808,
    0.9948453608247423,
    0.9776632302405498,
    0.9828178694158075,
    0.9982817869415808,
    0.9776632302405498
  ],
  "lr": [
    0.001,
    0.0009997557473810372,
    0.0009990232305719946,
    0.0009978031724785247,
    0.0009960967771506667,
    0.0009939057285945933,
    0.0009912321891107012,
    0.0009880787971596802,
    0.0009844486647586726,
    0.000980345374410087,
    0.0009757729755661012,
    0.0009707359806323418,
    0.0009652393605146846,
    0.0009592885397135708,
    0.0009528893909706799,
    0.0009460482294732424,
    0.0009387718066217127,
    0.0009310673033669524,
    0.0009229423231234977,
    0.0009144048842659084,
    0.0009054634122155993,
    0.0008961267311259671,
    0.000886404055174016,
    0.0008763049794670778,
    0.000865839470573599,
    0.0008550178566873413,
    0.0008438508174347012,
    0.000832349373335208,
    0.0008205248749256018,
    0.0008083889915582238,
    0.0007959536998847747,
    0.0007832312720368051,
    0.0007702342635146037,
    0.0007569755007964342,
    0.0007434680686803494,
    0.0007297252973710761,
    0.0007157607493247114,
    0.0007015882058642168,
    0.0006872216535789162,
    0.0006726752705214198,
    0.0006579634122155995,
    0.000643100597489419,
    0.0006281014941466035,
    0.000612980904491289,
    0.0005977537507199342,
    0.0005824350601949147,
    0.000567039950614331,
    0.0005515836150926649,
    0.0005360813071670105,
    0.0005205483257436738,
    0.0005050000000000002,
    0.0004894516742563267,
    0.0004739186928329901,
    0.00045841638490733556
  ]
}