{
  "train_loss": [
    0.12488420144622518,
    0.0033178336101643245,
    0.0031036052738758492,
    0.0025136514599495615,
    2.292349306577807e-05,
    5.56554465441465e-05,
    3.398625929880243e-05,
    3.609555415523597e-05,
    1.2785938184924095e-05,
    2.592497164015621e-05
  ],
  "train_acc": [
    0.9513022037293882,
    0.9992294652488827,
    0.9992294652488827,
    0.9993835721991062,
    1.0,
    1.0,
    1.0,
    1.0,
    1.0,
    1.0
  ],
  "val_loss": [
    0.0,
    0.0,
    0.0,
    0.0,
    0.0,
    0.0,
    0.0,
    0.0,
    0.0,
    0.0
  ],
  "val_acc": [
    0.0,
    0.0,
    0.0,
    0.0,
    0.0,
    0.0,
    0.0,
    0.0,
    0.0,
    0.0
  ],
  "lr": [
    0.001,
    0.0009757729755661011,
    0.000905463412215599,
    0.0007959536998847742,
    0.000657963412215599,
    0.000505,
    0.0003520365877844011,
    0.00021404630011522585,
    0.00010453658778440107,
    3.4227024433899005e-05
  ]
}