{
  "train_loss": [
    0.3742594010467742,
    0.07858302258328236,
    0.03490990107297199,
    0.024822066784752392,
    0.019342116043051985,
    0.015256126895076157,
    0.011561254059033585,
    0.008102500948427472,
    0.0073649039698182265,
    0.006800644310458371,
    0.007096470145763831
  ],
  "train_acc": [
    0.8676221297580521,
    0.9764216366158114,
    0.9912159038372631,
    0.9930651872399445,
    0.9944521497919556,
    0.9961473262444136,
    0.9978425026968716,
    0.9986130374479889,
    0.9986130374479889,
    0.998304823547542,
    0.9986130374479889
  ],
  "val_loss": [
    0.0,
    0.0,
    0.0,
    0.0,
    0.0,
    0.0,
    0.0,
    0.0,
    0.0,
    0.0,
    0.0
  ],
  "val_acc": [
    0.0,
    0.0,
    0.0,
    0.0,
    0.0,
    0.0,
    0.0,
    0.0,
    0.0,
    0.0,
    0.0
  ],
  "lr": [
    0.001,
    0.0009799490219391763,
    0.0009214204987514347,
    0.0008291560633029162,
    0.0007106304314359339,
    0.0005754458449452761,
    0.00043455415505472397,
    0.00029936956856406634,
    0.00018084393669708394,
    8.857950124856537e-05,
    3.005097806082381e-05
  ]
}