{
  "train_loss": [
    0.5379482836875454,
    0.32965527194561345,
    0.26276596306902084,
    0.2293013139854301,
    0.18430925212284127,
    0.16585580181695184,
    0.14826841940908672,
    0.12565344188473013,
    0.11735741525265513,
    0.10669282245131084,
    0.08930613844357307,
    0.07864371228172179,
    0.08079800734294391,
    0.06214897339493528,
    0.05860503599031268,
    0.06462655113999731,
    0.053545690009450364,
    0.04486053551744969,
    0.0461220616480895,
    0.04936933515816763,
    0.04624327736096282,
    0.03641480650871631,
    0.03293949871337322,
    0.03397476373955493,
    0.033834269575618935,
    0.03779670546943992,
    0.02769675409693857,
    0.027903604531216018,
    0.025937528934481383,
    0.021056755787075155,
    0.02732680488799927,
    0.020296569218975876,
    0.022666201046673117,
    0.026021509106517886,
    0.021041745375800874,
    0.016806592834894152,
    0.017046150445069286,
    0.016484904712592677,
    0.018792441549195578,
    0.014559171544705549,
    0.015891739998189006,
    0.018132327675688252,
    0.01414253800488574,
    0.015091916015504872,
    0.0194491482430985,
    0.01702243468352277,
    0.014978303116304662,
    0.013756663940142024,
    0.014597840193245146
  ],
  "train_acc": [
    0.41804180418041803,
    0.6182618261826183,
    0.6941694169416942,
    0.7552255225522553,
    0.8261826182618262,
    0.8437843784378438,
    0.8723872387238724,
    0.8960396039603961,
    0.8982398239823982,
    0.916941694169417,
    0.9323432343234324,
    0.9405940594059405,
    0.9334433443344334,
    0.9570957095709571,
    0.9526952695269527,
    0.9515951595159516,
    0.9636963696369637,
    0.9680968096809681,
    0.9653465346534653,
    0.9614961496149615,
    0.9708470847084708,
    0.9741474147414741,
    0.9757975797579758,
    0.9774477447744775,
    0.9801980198019802,
    0.9730473047304731,
    0.9840484048404841,
    0.9763476347634763,
    0.9834983498349835,
    0.9856985698569857,
    0.977997799779978,
    0.9856985698569857,
    0.9818481848184818,
    0.9796479647964796,
    0.9856985698569857,
    0.988998899889989,
    0.9884488448844885,
    0.9867986798679867,
    0.9900990099009901,
    0.9900990099009901,
    0.9867986798679867,
    0.9895489548954896,
    0.9917491749174917,
    0.988998899889989,
    0.9834983498349835,
    0.9851485148514851,
    0.9906490649064906,
    0.9917491749174917,
    0.9884488448844885
  ],
  "val_loss": [
    0.6801148311097392,
    0.2697998239591564,
    0.20356232599000035,
    0.20961726217489063,
    0.13917724827474104,
    0.1771275495175797,
    0.15679819365688102,
    0.07157314039208315,
    0.08469493042828061,
    0.1106102907283254,
    0.060367653996898085,
    0.05415661182665407,
    0.044151795808289075,
    0.09789253929705932,
    0.07938712058679674,
    0.07687775302367106,
    0.02576060899628544,
    0.053230263320093056,
    0.022951362465216844,
    0.056454598128954044,
    0.0397444313224371,
    0.02060523434142867,
    0.027466466564955543,
    0.06700569391525646,
    0.14635973146367903,
    0.05047190717491081,
    0.0202313366176939,
    0.030944059632945192,
    0.020276842627023655,
    0.009841288649563325,
    0.010621085868860286,
    0.0384134730764007,
    0.06021174289838159,
    0.007101680376966549,
    0.008291276356165238,
    0.06814647896355,
    0.007525726597754472,
    0.022799440300885404,
    0.01331322409400214,
    0.00617619512747806,
    0.007305205824786285,
    0.01873392919853196,
    0.013004144394906382,
    0.042162457439086753,
    0.013377925887393555,
    0.014678844195406339,
    0.013936800743301985,
    0.013794428336109924,
    0.00682873121490566
  ],
  "val_acc": [
    0.31958762886597936,
    0.781786941580756,
    0.865979381443299,
    0.8505154639175257,
    0.8900343642611683,
    0.845360824742268,
    0.872852233676976,
    0.9656357388316151,
    0.936426116838488,
    0.9054982817869416,
    0.9639175257731959,
    0.9553264604810997,
    0.9776632302405498,
    0.9278350515463918,
    0.9329896907216495,
    0.929553264604811,
    0.9879725085910653,
    0.9570446735395189,
    0.9879725085910653,
    0.9587628865979382,
    0.9673539518900344,
    0.9862542955326461,
    0.9879725085910653,
    0.9432989690721649,
    0.8986254295532646,
    0.9604810996563574,
    0.9896907216494846,
    0.979381443298969,
    0.9948453608247423,
    0.9948453608247423,
    0.9948453608247423,
    0.9673539518900344,
    0.9484536082474226,
    0.993127147766323,
    0.9948453608247423,
    0.9518900343642611,
    0.9965635738831615,
    0.9896907216494846,
    0.9948453608247423,
    0.9948453608247423,
    0.9948453608247423,
    0.9862542955326461,
    0.993127147766323,
    0.9707903780068728,
    0.993127147766323,
    0.9914089347079038,
    0.993127147766323,
    0.993127147766323,
    0.9948453608247423
  ],
  "lr": [
    0.001,
    0.0009997557473810372,
    0.0009990232305719946,
    0.0009978031724785247,
    0.0009960967771506667,
    0.0009939057285945933,
    0.0009912321891107012,
    0.0009880787971596802,
    0.0009844486647586726,
    0.000980345374410087,
    0.0009757729755661012,
    0.0009707359806323418,
    0.0009652393605146846,
    0.0009592885397135708,
    0.0009528893909706799,
    0.0009460482294732424,
    0.0009387718066217127,
    0.0009310673033669524,
    0.0009229423231234977,
    0.0009144048842659084,
    0.0009054634122155993,
    0.0008961267311259671,
    0.000886404055174016,
    0.0008763049794670778,
    0.000865839470573599,
    0.0008550178566873413,
    0.0008438508174347012,
    0.000832349373335208,
    0.0008205248749256018,
    0.0008083889915582238,
    0.0007959536998847747,
    0.0007832312720368051,
    0.0007702342635146037,
    0.0007569755007964342,
    0.0007434680686803494,
    0.0007297252973710761,
    0.0007157607493247114,
    0.0007015882058642168,
    0.0006872216535789162,
    0.0006726752705214198,
    0.0006579634122155995,
    0.000643100597489419,
    0.0006281014941466035,
    0.000612980904491289,
    0.0005977537507199342,
    0.0005824350601949147,
    0.000567039950614331,
    0.0005515836150926649,
    0.0005360813071670105
  ]
}