{
  "train_loss": [
    0.08565545742477551,
    0.0023266561960418705,
    0.0005608108220908206,
    0.0027267887295037334,
    0.0007298093984360299,
    0.000390776066371634,
    0.0001808156047821151,
    0.00031809055703981796,
    0.0002122769908580666,
    0.00019003374051944493
  ],
  "train_acc": [
    0.9026044074587763,
    0.9981507165973186,
    0.9996917860995531,
    0.9979966096470951,
    0.9995376791493297,
    0.9996917860995531,
    0.9998458930497766,
    0.9995376791493297,
    0.9996917860995531,
    0.9998458930497766
  ],
  "val_loss": [
    0.0,
    0.0,
    0.0,
    0.0,
    0.0,
    0.0,
    0.0,
    0.0,
    0.0,
    0.0
  ],
  "val_acc": [
    0.0,
    0.0,
    0.0,
    0.0,
    0.0,
    0.0,
    0.0,
    0.0,
    0.0,
    0.0
  ],
  "lr": [
    0.001,
    0.0009757729755661011,
    0.000905463412215599,
    0.0007959536998847742,
    0.000657963412215599,
    0.000505,
    0.0003520365877844011,
    0.00021404630011522585,
    0.00010453658778440107,
    3.4227024433899005e-05
  ]
}