{
  "model": "lstm",
  "mode": "multilabel",
  "split": "fault_size_all_loads",
  "seed": 456,
  "parameters": 631875,
  "epochs_trained": 10,
  "best_val_acc": 0.9998458930497766,
  "best_epoch": 7,
  "test_metrics": {
    "macro_auroc": 0.7347797344155923,
    "per_class_auroc": {
      "Ball": 0.7188719648712283,
      "IR": 0.9605933805222062,
      "OR": 0.5248738578533425,
      "macro": 0.7347797344155923
    },
    "per_class_metrics": {
      "Ball": {
        "precision": 0.332697807435653,
        "recall": 0.9900709219858156,
        "f1": 0.4980378166250446,
        "auroc": 0.7188719648712283
      },
      "IR": {
        "precision": 0.5384615384615384,
        "recall": 0.009971509971509971,
        "f1": 0.019580419580419582,
        "auroc": 0.9605933805222062
      },
      "OR": {
        "precision": 0.0,
        "recall": 0.0,
        "f1": 0.0,
        "auroc": 0.5248738578533425
      }
    }
  },
  "noise_robustness": null,
  "kfold_cv": {
    "fold_results": [
      {
        "fold": 1,
        "best_val_acc": 1.0,
        "best_epoch": 2,
        "epochs_trained": 17,
        "final_val_loss": 3.981411643873071e-08
      },
      {
        "fold": 2,
        "best_val_acc": 1.0,
        "best_epoch": 2,
        "epochs_trained": 16,
        "final_val_loss": 4.5890817713085564e-11
      },
      {
        "fold": 3,
        "best_val_acc": 1.0,
        "best_epoch": 3,
        "epochs_trained": 17,
        "final_val_loss": 1.8859018112121867e-09
      }
    ],
    "mean_val_acc": 1.0,
    "std_val_acc": 0.0,
    "mean_best_epoch": 2.3333333333333335,
    "median_best_epoch": 2,
    "optimal_epochs": 10,
    "n_folds": 3
  },
  "timestamp": "2025-12-21T13:09:51.871765"
}