{
  "train_loss": [
    0.4212842181194066,
    0.0962567339378736,
    0.040222555032669624,
    0.028773089803641613,
    0.02210229651227141,
    0.015393572347339126,
    0.014350046388062036,
    0.013944438973473009,
    0.010460645635824006,
    0.012588731496194272,
    0.006600750726073582,
    0.007339411741854572,
    0.006649438978475242,
    0.004674736445686137,
    0.005590195325565636,
    0.0069260411831728414
  ],
  "train_acc": [
    0.847280012328556,
    0.97457235321313,
    0.9910617968870397,
    0.993219294190168,
    0.9947603636924025,
    0.9961473262444136,
    0.9961473262444136,
    0.9972260748959778,
    0.9970719679457544,
    0.9967637540453075,
    0.9989212513484358,
    0.9989212513484358,
    0.9986130374479889,
    0.9993835721991062,
    0.9989212513484358,
    0.9978425026968716
  ],
  "val_loss": [
    0.0,
    0.0,
    0.0,
    0.0,
    0.0,
    0.0,
    0.0,
    0.0,
    0.0,
    0.0,
    0.0,
    0.0,
    0.0,
    0.0,
    0.0,
    0.0
  ],
  "val_acc": [
    0.0,
    0.0,
    0.0,
    0.0,
    0.0,
    0.0,
    0.0,
    0.0,
    0.0,
    0.0,
    0.0,
    0.0,
    0.0,
    0.0,
    0.0,
    0.0
  ],
  "lr": [
    0.001,
    0.0009904887137995992,
    0.0009623203685930871,
    0.00091657745808976,
    0.0008550178566873411,
    0.0007800072653447031,
    0.0006944282990207195,
    0.0006015697093979836,
    0.000505,
    0.00040843029060201656,
    0.00031557170097928065,
    0.00022999273465529706,
    0.000154982143312659,
    9.342254191024006e-05,
    4.7679631406913064e-05,
    1.9511286200400937e-05
  ]
}