{
  "model": "cnn",
  "mode": "4class",
  "split": "fault_size_all_loads",
  "seed": 42,
  "parameters": 44228,
  "epochs_trained": 16,
  "best_val_acc": 0.9993835721991062,
  "best_epoch": 14,
  "test_metrics": {
    "accuracy": 0.6620457100037467,
    "macro_precision": 0.558283773670365,
    "macro_recall": 0.679591743953446,
    "macro_f1": 0.6087528224545224,
    "macro_auroc": 0.8348252168806881,
    "per_class_metrics": {
      "Normal": {
        "precision": 0.9946524064171123,
        "recall": 1.0,
        "f1": 0.9973190348525469,
        "support": 558
      },
      "Ball": {
        "precision": 0.6943231441048034,
        "recall": 0.902127659574468,
        "f1": 0.7847008019740901,
        "support": 705
      },
      "IR": {
        "precision": 0.5441595441595442,
        "recall": 0.8162393162393162,
        "f1": 0.652991452991453,
        "support": 702
      },
      "OR": {
        "precision": 0.0,
        "recall": 0.0,
        "f1": 0.0,
        "support": 704
      }
    },
    "confusion_matrix": [
      [
        558,
        0,
        0,
        0
      ],
      [
        3,
        636,
        43,
        23
      ],
      [
        0,
        13,
        573,
        116
      ],
      [
        0,
        267,
        437,
        0
      ]
    ]
  },
  "noise_robustness": null,
  "kfold_cv": {
    "fold_results": [
      {
        "fold": 1,
        "best_val_acc": 1.0,
        "best_epoch": 16,
        "epochs_trained": 27,
        "final_val_loss": 0.0006790976584255483
      },
      {
        "fold": 2,
        "best_val_acc": 1.0,
        "best_epoch": 10,
        "epochs_trained": 25,
        "final_val_loss": 0.0006460971637698106
      },
      {
        "fold": 3,
        "best_val_acc": 1.0,
        "best_epoch": 23,
        "epochs_trained": 31,
        "final_val_loss": 0.009406792336101654
      }
    ],
    "mean_val_acc": 1.0,
    "std_val_acc": 0.0,
    "mean_best_epoch": 16.333333333333332,
    "median_best_epoch": 16,
    "optimal_epochs": 16,
    "n_folds": 3
  },
  "timestamp": "2025-12-21T12:57:38.256854"
}