{
  "train_loss": [
    0.09118190339952592,
    0.010453014443201687,
    0.009269756702392693,
    0.0035601611269816197,
    0.00039347287236678646,
    0.00025771659464636493,
    0.0002816378414637918,
    0.00029061846100965637,
    0.00029502042495402006,
    9.235795595465893e-05
  ],
  "train_acc": [
    0.9042995839112344,
    0.9921405455386038,
    0.9955308984435198,
    0.9992294652488827,
    0.9996917860995531,
    0.9998458930497766,
    0.9996917860995531,
    0.9996917860995531,
    0.9998458930497766,
    1.0
  ],
  "val_loss": [
    0.0,
    0.0,
    0.0,
    0.0,
    0.0,
    0.0,
    0.0,
    0.0,
    0.0,
    0.0
  ],
  "val_acc": [
    0.0,
    0.0,
    0.0,
    0.0,
    0.0,
    0.0,
    0.0,
    0.0,
    0.0,
    0.0
  ],
  "lr": [
    0.001,
    0.0009757729755661011,
    0.000905463412215599,
    0.0007959536998847742,
    0.000657963412215599,
    0.000505,
    0.0003520365877844011,
    0.00021404630011522585,
    0.00010453658778440107,
    3.4227024433899005e-05
  ]
}