{
  "train_loss": [
    0.5026971336015642,
    0.0712620619688556,
    0.022355850044863578,
    0.00863986862841297,
    0.009506224809835354,
    0.0029932688735005942,
    0.009196939355641505,
    0.0008714540854751297,
    0.005872476511277636,
    0.0006354175978694321,
    0.0002721225156696308,
    4.931125969394896e-05,
    2.6307039577037113e-05,
    2.3658578637309426e-05,
    2.432124181630038e-05,
    2.416288589114383e-05,
    4.241596226376826e-05,
    1.4657145363481245e-05,
    3.451410409823685e-05,
    7.830952971937107e-06,
    5.768913858274624e-05,
    7.099627009259238e-05,
    5.803848716760734e-05,
    4.234948025143392e-06
  ],
  "train_acc": [
    0.775027502750275,
    0.9796479647964796,
    0.995049504950495,
    0.9983498349834984,
    0.9977997799779978,
    0.9994499449944995,
    0.9988998899889989,
    0.9994499449944995,
    0.9977997799779978,
    0.9994499449944995,
    1.0,
    1.0,
    1.0,
    1.0,
    1.0,
    1.0,
    1.0,
    1.0,
    1.0,
    1.0,
    1.0,
    1.0,
    1.0,
    1.0
  ],
  "val_loss": [
    0.5328484305030189,
    0.05086803811273651,
    0.015759271411004087,
    0.005108704038356979,
    0.0040901047057717976,
    0.026792782480481746,
    0.002729400825105851,
    0.00915197912951193,
    0.001144505893140514,
    0.0021402904918784277,
    0.004719827451953176,
    0.0028355525714257013,
    0.004493236117180376,
    0.005370115123068975,
    0.005832692474049281,
    0.005940532919480234,
    0.005394963291891229,
    0.00557989794708373,
    0.005887684837316681,
    0.005825048172288082,
    0.006184655766361488,
    0.007729170064759427,
    0.00854104671553611,
    0.009582507395196482
  ],
  "val_acc": [
    0.7972508591065293,
    0.9810996563573883,
    0.9914089347079038,
    0.9982817869415808,
    0.9982817869415808,
    0.9914089347079038,
    0.9982817869415808,
    0.9965635738831615,
    1.0,
    0.9982817869415808,
    0.9982817869415808,
    0.9982817869415808,
    0.9982817869415808,
    0.9982817869415808,
    0.9982817869415808,
    0.9982817869415808,
    0.9982817869415808,
    0.9982817869415808,
    0.9982817869415808,
    0.9982817869415808,
    0.9982817869415808,
    0.9965635738831615,
    0.9965635738831615,
    0.9948453608247423
  ],
  "lr": [
    0.001,
    0.0009997557473810372,
    0.0009990232305719946,
    0.0009978031724785247,
    0.0009960967771506667,
    0.0009939057285945933,
    0.0009912321891107012,
    0.0009880787971596802,
    0.0009844486647586726,
    0.000980345374410087,
    0.0009757729755661012,
    0.0009707359806323418,
    0.0009652393605146846,
    0.0009592885397135708,
    0.0009528893909706799,
    0.0009460482294732424,
    0.0009387718066217127,
    0.0009310673033669524,
    0.0009229423231234977,
    0.0009144048842659084,
    0.0009054634122155993,
    0.0008961267311259671,
    0.000886404055174016,
    0.0008763049794670778
  ]
}