{
  "train_loss": [
    0.0883156362172382,
    0.005862367041459967,
    0.002063430831304958,
    0.002172482263721519,
    0.00015749696112986572,
    0.0001815423199035068,
    8.742179610708947e-05,
    7.70228515641894e-05,
    8.103547550565881e-05,
    7.18110568554136e-05
  ],
  "train_acc": [
    0.9055324395130221,
    0.9972260748959778,
    0.9990753582986592,
    0.9989212513484358,
    1.0,
    1.0,
    1.0,
    1.0,
    1.0,
    1.0
  ],
  "val_loss": [
    0.0,
    0.0,
    0.0,
    0.0,
    0.0,
    0.0,
    0.0,
    0.0,
    0.0,
    0.0
  ],
  "val_acc": [
    0.0,
    0.0,
    0.0,
    0.0,
    0.0,
    0.0,
    0.0,
    0.0,
    0.0,
    0.0
  ],
  "lr": [
    0.001,
    0.0009757729755661011,
    0.000905463412215599,
    0.0007959536998847742,
    0.000657963412215599,
    0.000505,
    0.0003520365877844011,
    0.00021404630011522585,
    0.00010453658778440107,
    3.4227024433899005e-05
  ]
}