{
  "model": "lstm",
  "mode": "multilabel",
  "split": "fault_size_all_loads",
  "seed": 42,
  "parameters": 631875,
  "epochs_trained": 10,
  "best_val_acc": 1.0,
  "best_epoch": 10,
  "test_metrics": {
    "macro_auroc": 0.6479717709079434,
    "per_class_auroc": {
      "Ball": 0.7420555820369488,
      "IR": 0.9373226615219497,
      "OR": 0.26453706916493175,
      "macro": 0.6479717709079434
    },
    "per_class_metrics": {
      "Ball": {
        "precision": 0.3369980879541109,
        "recall": 1.0,
        "f1": 0.5041115480872363,
        "auroc": 0.7420555820369488
      },
      "IR": {
        "precision": 1.0,
        "recall": 0.04700854700854701,
        "f1": 0.08979591836734693,
        "auroc": 0.9373226615219497
      },
      "OR": {
        "precision": 0.0,
        "recall": 0.0,
        "f1": 0.0,
        "auroc": 0.26453706916493175
      }
    }
  },
  "noise_robustness": null,
  "kfold_cv": {
    "fold_results": [
      {
        "fold": 1,
        "best_val_acc": 1.0,
        "best_epoch": 4,
        "epochs_trained": 16,
        "final_val_loss": 2.3677915216315355e-08
      },
      {
        "fold": 2,
        "best_val_acc": 1.0,
        "best_epoch": 2,
        "epochs_trained": 16,
        "final_val_loss": 3.5752931661441557e-09
      },
      {
        "fold": 3,
        "best_val_acc": 1.0,
        "best_epoch": 5,
        "epochs_trained": 20,
        "final_val_loss": 7.363703199304613e-08
      }
    ],
    "mean_val_acc": 1.0,
    "std_val_acc": 0.0,
    "mean_best_epoch": 3.6666666666666665,
    "median_best_epoch": 4,
    "optimal_epochs": 10,
    "n_folds": 3
  },
  "timestamp": "2025-12-21T13:09:08.803016"
}