{
  "train_loss": [
    0.4007667211666738,
    0.09775016669027242,
    0.04943768340921453,
    0.02616829259793572,
    0.014365244619772217,
    0.01551144516348407,
    0.010469684719445253,
    0.008565965309075461,
    0.008282288173760425,
    0.0060354598831155164,
    0.005677620290586543,
    0.005637292854090623,
    0.004729484080766553,
    0.004198429366037776,
    0.004454770745397519,
    0.003990409362445188
  ],
  "train_acc": [
    0.8568346432424102,
    0.9711820003082139,
    0.9867468022807828,
    0.9926028663892742,
    0.9970719679457544,
    0.9970719679457544,
    0.9979966096470951,
    0.9981507165973186,
    0.9979966096470951,
    0.9986130374479889,
    0.9989212513484358,
    0.9981507165973186,
    0.9992294652488827,
    0.9990753582986592,
    0.9992294652488827,
    0.9993835721991062
  ],
  "val_loss": [
    0.0,
    0.0,
    0.0,
    0.0,
    0.0,
    0.0,
    0.0,
    0.0,
    0.0,
    0.0,
    0.0,
    0.0,
    0.0,
    0.0,
    0.0,
    0.0
  ],
  "val_acc": [
    0.0,
    0.0,
    0.0,
    0.0,
    0.0,
    0.0,
    0.0,
    0.0,
    0.0,
    0.0,
    0.0,
    0.0,
    0.0,
    0.0,
    0.0,
    0.0
  ],
  "lr": [
    0.001,
    0.0009904887137995992,
    0.0009623203685930871,
    0.00091657745808976,
    0.0008550178566873411,
    0.0007800072653447031,
    0.0006944282990207195,
    0.0006015697093979836,
    0.000505,
    0.00040843029060201656,
    0.00031557170097928065,
    0.00022999273465529706,
    0.000154982143312659,
    9.342254191024006e-05,
    4.7679631406913064e-05,
    1.9511286200400937e-05
  ]
}