{
  "train_loss": [
    0.07484786731945212,
    0.012170568545997434,
    0.0036437781104351275,
    0.000543010733678652,
    0.0005819805243936305,
    0.00047793950053039126,
    0.00018285977694246916,
    0.00022811002591178857,
    0.000383728129277187,
    0.0003602316912786377
  ],
  "train_acc": [
    0.9189397441824626,
    0.9930651872399445,
    0.9989212513484358,
    0.9995376791493297,
    0.9993835721991062,
    0.9992294652488827,
    1.0,
    1.0,
    0.9995376791493297,
    0.9996917860995531
  ],
  "val_loss": [
    0.0,
    0.0,
    0.0,
    0.0,
    0.0,
    0.0,
    0.0,
    0.0,
    0.0,
    0.0
  ],
  "val_acc": [
    0.0,
    0.0,
    0.0,
    0.0,
    0.0,
    0.0,
    0.0,
    0.0,
    0.0,
    0.0
  ],
  "lr": [
    0.001,
    0.0009757729755661011,
    0.000905463412215599,
    0.0007959536998847742,
    0.000657963412215599,
    0.000505,
    0.0003520365877844011,
    0.00021404630011522585,
    0.00010453658778440107,
    3.4227024433899005e-05
  ]
}