{
  "model": "cnnlstm",
  "mode": "multilabel",
  "split": "fault_size_all_loads",
  "seed": 456,
  "parameters": 711811,
  "epochs_trained": 10,
  "best_val_acc": 1.0,
  "best_epoch": 7,
  "test_metrics": {
    "macro_auroc": 0.6523536512520197,
    "per_class_auroc": {
      "Ball": 0.778412488625038,
      "IR": 0.987585401286469,
      "OR": 0.19106306384455238,
      "macro": 0.6523536512520197
    },
    "per_class_metrics": {
      "Ball": {
        "precision": 0.3819068255687974,
        "recall": 1.0,
        "f1": 0.5527244217953744,
        "auroc": 0.778412488625038
      },
      "IR": {
        "precision": 0.9966101694915255,
        "recall": 0.4188034188034188,
        "f1": 0.5897693079237714,
        "auroc": 0.987585401286469
      },
      "OR": {
        "precision": 0.0,
        "recall": 0.0,
        "f1": 0.0,
        "auroc": 0.19106306384455238
      }
    }
  },
  "noise_robustness": null,
  "kfold_cv": {
    "fold_results": [
      {
        "fold": 1,
        "best_val_acc": 1.0,
        "best_epoch": 4,
        "epochs_trained": 19,
        "final_val_loss": 8.253298741470081e-08
      },
      {
        "fold": 2,
        "best_val_acc": 1.0,
        "best_epoch": 3,
        "epochs_trained": 18,
        "final_val_loss": 2.315984198266059e-06
      },
      {
        "fold": 3,
        "best_val_acc": 1.0,
        "best_epoch": 3,
        "epochs_trained": 18,
        "final_val_loss": 1.4138618146062298e-06
      }
    ],
    "mean_val_acc": 1.0,
    "std_val_acc": 0.0,
    "mean_best_epoch": 3.3333333333333335,
    "median_best_epoch": 3,
    "optimal_epochs": 10,
    "n_folds": 3
  },
  "timestamp": "2025-12-21T13:17:13.450544"
}