{
  "train_loss": [
    0.5024178874472974,
    0.04831318269310595,
    0.033093605035423156,
    0.006824427563876397,
    0.01409665483029045,
    0.0013001357495674108,
    0.012808149715458279,
    0.006344071373332774,
    0.013315087600128136,
    0.004406588227580055,
    8.574275479476404e-05,
    0.0007133165906089435,
    7.569667501105492e-05,
    0.00010107888657856764,
    6.189894344310292e-05,
    3.81826123198385e-05,
    6.558528360790493e-05,
    3.4134148327301785e-05,
    7.34290437027632e-05
  ],
  "train_acc": [
    0.7783278327832783,
    0.9856985698569857,
    0.9906490649064906,
    0.9983498349834984,
    0.9944994499449945,
    1.0,
    0.9972497249724972,
    0.9983498349834984,
    0.9961496149614961,
    0.9994499449944995,
    1.0,
    1.0,
    1.0,
    1.0,
    1.0,
    1.0,
    1.0,
    1.0,
    1.0
  ],
  "val_loss": [
    1.2144029751816874,
    0.01885693276837997,
    0.0027936159238959877,
    0.0003475006817732351,
    0.0001933100741871732,
    7.859535109917525e-06,
    0.010816030154250462,
    0.003434787059541166,
    1.0292576211517545e-05,
    0.00020058529934986578,
    0.0020562953897658204,
    5.0775264795559705e-06,
    7.092266849817033e-06,
    7.722692426014581e-07,
    1.3620541785239985e-07,
    3.401860923663834e-07,
    1.1060648259829286e-08,
    8.254374383856504e-08,
    1.96633276564671e-08
  ],
  "val_acc": [
    0.5618556701030928,
    0.9914089347079038,
    0.9982817869415808,
    1.0,
    1.0,
    1.0,
    0.9982817869415808,
    0.9982817869415808,
    1.0,
    1.0,
    0.9982817869415808,
    1.0,
    1.0,
    1.0,
    1.0,
    1.0,
    1.0,
    1.0,
    1.0
  ],
  "lr": [
    0.001,
    0.0009997557473810372,
    0.0009990232305719946,
    0.0009978031724785247,
    0.0009960967771506667,
    0.0009939057285945933,
    0.0009912321891107012,
    0.0009880787971596802,
    0.0009844486647586726,
    0.000980345374410087,
    0.0009757729755661012,
    0.0009707359806323418,
    0.0009652393605146846,
    0.0009592885397135708,
    0.0009528893909706799,
    0.0009460482294732424,
    0.0009387718066217127,
    0.0009310673033669524,
    0.0009229423231234977
  ]
}