{
  "model": "lstm",
  "mode": "4class",
  "split": "random",
  "seed": 42,
  "parameters": 631940,
  "epochs_trained": 19,
  "best_val_acc": 1.0,
  "best_epoch": 4,
  "test_metrics": {
    "accuracy": 0.9982817869415808,
    "macro_precision": 0.9981203007518797,
    "macro_recall": 0.9981060606060606,
    "macro_f1": 0.9981060334313795,
    "macro_auroc": 0.9999789562289563,
    "per_class_metrics": {
      "Normal": {
        "precision": 1.0,
        "recall": 1.0,
        "f1": 1.0,
        "support": 186
      },
      "Ball": {
        "precision": 0.9924812030075187,
        "recall": 1.0,
        "f1": 0.9962264150943396,
        "support": 132
      },
      "IR": {
        "precision": 1.0,
        "recall": 1.0,
        "f1": 1.0,
        "support": 132
      },
      "OR": {
        "precision": 1.0,
        "recall": 0.9924242424242424,
        "f1": 0.9961977186311787,
        "support": 132
      }
    },
    "confusion_matrix": [
      [
        186,
        0,
        0,
        0
      ],
      [
        0,
        132,
        0,
        0
      ],
      [
        0,
        0,
        132,
        0
      ],
      [
        0,
        1,
        0,
        131
      ]
    ]
  },
  "noise_robustness": null,
  "kfold_cv": null,
  "timestamp": "2025-12-21T13:04:56.893137"
}