{
  "train_loss": [
    0.0960587229120897,
    0.014062590935224594,
    0.0016970442785824195,
    0.0027128336853608033,
    0.0003382184218817141,
    0.0004898934487509208,
    0.0011256472343036314,
    0.0006021718010112479,
    0.00044309501394651887,
    0.0006908192806122981
  ],
  "train_acc": [
    0.9073817229157035,
    0.9946062567421791,
    0.9990753582986592,
    0.9984589304977655,
    1.0,
    0.9998458930497766,
    0.9993835721991062,
    0.9993835721991062,
    0.9996917860995531,
    0.9995376791493297
  ],
  "val_loss": [
    0.0,
    0.0,
    0.0,
    0.0,
    0.0,
    0.0,
    0.0,
    0.0,
    0.0,
    0.0
  ],
  "val_acc": [
    0.0,
    0.0,
    0.0,
    0.0,
    0.0,
    0.0,
    0.0,
    0.0,
    0.0,
    0.0
  ],
  "lr": [
    0.001,
    0.0009757729755661011,
    0.000905463412215599,
    0.0007959536998847742,
    0.000657963412215599,
    0.000505,
    0.0003520365877844011,
    0.00021404630011522585,
    0.00010453658778440107,
    3.4227024433899005e-05
  ]
}