{
  "model": "cnnlstm",
  "mode": "multilabel",
  "split": "fault_size_all_loads",
  "seed": 42,
  "parameters": 711811,
  "epochs_trained": 10,
  "best_val_acc": 1.0,
  "best_epoch": 5,
  "test_metrics": {
    "macro_auroc": 0.7598523013326375,
    "per_class_auroc": {
      "Ball": 0.7810503964986784,
      "IR": 0.9857332597546121,
      "OR": 0.5127732477446219,
      "macro": 0.7598523013326375
    },
    "per_class_metrics": {
      "Ball": {
        "precision": 0.37373737373737376,
        "recall": 0.9971631205673759,
        "f1": 0.5436968290796597,
        "auroc": 0.7810503964986784
      },
      "IR": {
        "precision": 0.9913793103448276,
        "recall": 0.32763532763532766,
        "f1": 0.4925053533190578,
        "auroc": 0.9857332597546121
      },
      "OR": {
        "precision": 0.0,
        "recall": 0.0,
        "f1": 0.0,
        "auroc": 0.5127732477446219
      }
    }
  },
  "noise_robustness": null,
  "kfold_cv": {
    "fold_results": [
      {
        "fold": 1,
        "best_val_acc": 1.0,
        "best_epoch": 7,
        "epochs_trained": 18,
        "final_val_loss": 1.3869470399107966e-06
      },
      {
        "fold": 2,
        "best_val_acc": 1.0,
        "best_epoch": 3,
        "epochs_trained": 18,
        "final_val_loss": 9.180894252541553e-08
      },
      {
        "fold": 3,
        "best_val_acc": 1.0,
        "best_epoch": 7,
        "epochs_trained": 19,
        "final_val_loss": 4.5929881940993765e-06
      }
    ],
    "mean_val_acc": 1.0,
    "std_val_acc": 0.0,
    "mean_best_epoch": 5.666666666666667,
    "median_best_epoch": 7,
    "optimal_epochs": 10,
    "n_folds": 3
  },
  "timestamp": "2025-12-21T13:16:11.775081"
}